index,review,negative_evidence,positive_evidence,negative_count,positive_count,category
39,"They should verify what sellers are… They should verify what sellers are selling... a solar panel of 10 by 20 cm can never be 50wp as an example.Solarchargers of type mppt that are not that type at all, bad performances. Not every buyer is an expert.And all these rubbish sellers are bad for Amazon, despite Amazons good delivery procedures","['bad', 'never']",['good'],2,1,Mixed Sentiment
86,Yesterday I bought kids rubberband for… Yesterday I bought kids rubberband for 280 rs.The way the product is showed in the image was satisfactory for me.But today when I got delivered it was too small.Not happy with the product.Shining Diva fashion is the product name,['not happy'],['happy'],1,1,Mixed Sentiment
118,average average The design of website is not very simple and convenient. It is not a kind of shopping vibe. All of the things are unremarkable.,[],[],0,0,Clearly Neutral
129,"Bad Amazon sellers Ferreteria Lepanto order number 408-6098572-7581136 sent steps that were not actually ordered by me, some cross orders created by Amazon. This seller only returned one third of the cost of the goods. I have reported this many times but the seller gives no response. Worldbooks-es order number 408-2796201-2683544 Heartbeat series 13. The DVD’s arrived unsealed like second hand, the case is broken, the inner holder is also broken, 2 DVD’s ( 1 and 4) were shiny side up and scratched. I believe these were sent to someone else and returned as damaged and the seller just sent them to me. I have contacted the seller several times requesting a replacement but the seller has never replied. Ugreen order number 408-1590034-4549115 sent a cable female to female but the order was for male to female. A return has been requested but the seller expects me to take the item to some dispatch point several miles away from my home. I am 49% disabled and that is why I use the internet to buy goods as I cannot get out much and when I do it is by ambulance or taxi. I have added these 3 sellers to my Amazon Black List.","['bad', 'broken', 'damaged', 'never']","['good', 'like']",4,2,Mixed Sentiment
133,"Minimum spend is a joke I like Amazon. It has a lot of selection and you can usually get what you need from there. They have some good offers on there if you get them at the right time. Otherwise, it can be a little dearer than on the high street. You have to be careful with some of the cosmetic products, they’re not always legit. But Jeff Bezos is really taking the p**s with the minimum spend if you’re not a prime member. It’s been hiked to £35 spend now. I get that he wants everyone in the world to be on prime. But you’ve got enough money now Bezos, stop ripping us poorer folk off 🤬",['poor'],"['good', 'like']",1,2,Mixed Sentiment
155,"Amazon is a good platform i buy so many… Amazon is a good platform i buy so many things like charger, shirts, shoes but sometimes my experience is bad sometimes my experience is to good",['bad'],"['good', 'like']",1,2,Mixed Sentiment
163,Don't get me Wrong Amazon is great for… Don't get me Wrong Amazon is great for buying stuff BUT there one Flaw is Not Sponsoring NFL Games i tried to watch the Ravens and Chiefs Game with my dad today but we couldn't its not on Prime its being sponsored somewhere else i think amazon should Fix that because im not gonna pay for these other apps when i could just Watch it on Prime!!!,['wrong'],['great'],1,1,Mixed Sentiment
177,Slowly descending into obsolete Slowly descending into obsolete. Step your game up!,['slow'],[],1,0,Negative Language
179,"Not much good Not much good , late delivery",['late'],['good'],1,1,Mixed Sentiment
229,Ebay way better Looks good but to be honest pretty terrible. The delivery time is terrible and the price is way too expensive. Ebay is way better.,"['terrible', 'expensive']",['good'],2,1,Mixed Sentiment
246,This is good and easy to use This is good and easy to use,[],['good'],0,1,Positive Language
266,"I love the convenience of ordering… I love the convenience of ordering online, however the delivery system for this company fails in many ways by having ""lazy"" delivery individuals deliver the products. I have had products wet, muddy, run over, and simply lost in a place not visible to retrieve them. This is an ongoing problem with Amazon. They need their own trucks and driver to eliminate this problem.",['problem'],['love'],1,1,Mixed Sentiment
304,"It used to be that if I purchase more… It used to be that if I purchase more than $35, it usually was Free Shipping.  Last few times I tried, it's a struggle to get to checkout and find that if I select the Free Shipping option, it automatically signs me up for Prime membership, even though I did not select that option earlier in checkout. I know it's able to be cancelled. But everything selectable towards Checkout doesn't inform me that the Trial Membership WILL be added, just that my purchase will qualify if I exceed $35.  I've never had to deal with that in the past and now never know what might have changed from order to order and need to proceed with caution.  So my complaint to Amazon is why do you make simple things so complicated?  So I find myself shopping for the same items at Walmart.com.  Update: I went to Walmart.com after this review and found the item. Originally, I had several things in Amazon Cart to exceed $35.  The one item I originally was looking for was only only $7 on Walmart and still got a speedy FREE SHIPPING checkout process.  HAPPY AGAIN.And now as I look back at the shipping details, it seems now the $35 is $58 to qualify, but most all the things I was shopping for still tout $35 to qualify. Too complicated.","['complaint', 'never']",['happy'],2,1,Mixed Sentiment
351,"Good but expensive Amazon is a platform with a good variety of products, but the problem is the price","['expensive', 'problem']",['good'],2,1,Mixed Sentiment
359,"Scammers working at Amazon Obviously a good shop; however, there's scammers working at Amazon—make sure the reviews are legitimate.",[],['good'],0,1,Positive Language
414,"amazing service amazing service, liked it",[],"['amazing', 'like', 'liked']",0,3,Strong Positive Language
420,"not good not good, not good, not good",['not good'],['good'],1,1,Mixed Sentiment
493,"Untill recently I would have given  5* Untill recently I would have given  5*, but recently i've had things arrive after the due date and also things  have just not arrived. i've had to contact amazon to get a full refund.  whats the point in paying  £95  a year  for things turning up late. The odd time there is something good on prime tv but Amazon have gon downhill.If it is the delivery services they use, then they need to change.",['late'],['good'],1,1,Mixed Sentiment
497,"Eventually I got my order however they… Eventually I got my order however they delivered to the wrong address, I had to go knocking on doors looking for my order which I needed on a urgent basis and this was not the first time thi has happened, such a well funded company, they must get things right, why does this have to happen, this cased me great stress and fraustration...",['wrong'],['great'],1,1,Mixed Sentiment
529,"Deserves more than a 1.7 I mean it's really not that bad. Although I usually just get a free trial, and order something once a year. But when I do the product is decent.",['bad'],[],1,0,Negative Language
538,"I've had an average experience with… I've had an average experience with Amazon.com. The site offers a vast selection of products, and it's generally easy to find what I'm looking for. However, there have been a few instances where the delivery was delayed, which was quite frustrating.The customer service is decent, but there have been times when resolving issues took longer than expected. Prices are usually competitive, but occasionally I find better deals elsewhere. Overall, Amazon.com is convenient for many purchases, but there is definitely room for improvement in their delivery and customer support services.","['delayed', 'delay', 'issue', 'issues', 'frustrating']",[],5,0,Strong Negative Language
592,Great stuff Review text not found,[],['great'],0,1,Positive Language
597,Great company does not care much about… Great company does not care much about sellers,[],['great'],0,1,Positive Language
613,"2024 has been one unpredictable… 2024 has been one unpredictable delivery after another. When purchasing, you are given choices as to delivery dates. Purchase may be averaged between dates. However, when promised same day or next day, the on going accuracy has been off by a couple days and the tracker is slow to update until items are within minutes of house. It's hot and I'm old, so grabbing before ruined is sometimes a factor and scheduling when I'll be there to take it inside.",['slow'],[],1,0,Negative Language
650,"Pay for prime same day delivery nothing… Pay for prime same day delivery nothing come ring up promise next day delivery customer service was great at this time. Then rang a 4pm to ask is it out for delivery oh yes you will definitely get it tonight after a hour on the phone still no further only wait 48 hours (there fav line),",[],['great'],0,1,Positive Language
652,Quick service.. Quick service... very nice,[],['quick'],0,1,Positive Language
688,"I am getting frustrated I am getting frustrated , I make purchases through Amazon for convenience and based on delivery times & dates and I do not think that Amazon sellers nor Amazon as a retail venue should advertise they can deliver ""same day"" , ""next day"" or even ""Prime delivery"" when they CANNOT fulfill the transaction according to the terms when the item(s) were ordered . This happens more times than not , it's aggravating and that is the point of this review !",['frustrated'],[],1,0,Negative Language
737,"Too Much of the Same Stuff to Sift Through I use Amazon a lot. Their customer service is great, but increasingly I’m finding it time-consuming and frustrating to sift through all the “sponsored” and cheaply made Chinese products. Even if I search for Made in USA, the Chinese stuff shows up first.",['frustrating'],['great'],1,1,Mixed Sentiment
926,Amazon is a merging company we earn… Amazon is a merging company we earn money by products hunting,[],[],0,0,Clearly Neutral
968,"Treat Your Members Better I've been a Prime member for many years. It's not perfect but I find Customer service is quick to resolve missed deadlines and defective goods. My only complaint is a lot of sellers are selling expired goods. So my advice is to check the dates on everything and contact customer service if you've received old products. It's true some reps are difficult to deal with but just keep escalating until you get results.Prime Video is another issue altogether. I refuse to pay extra fees for ""no commercials""This is a ridiculous money grab since a lot of content you can get for free on other non subscription channels.The above reasons are why I'm giving Amazon a 3 star rating. IMO they can do better!","['issue', 'complaint']","['good', 'perfect', 'quick']",2,3,Mixed Sentiment
983,"Delayed delivery Delayed delivery , Classic Amazon smh...","['delayed', 'delay']",[],2,0,Strong Negative Language
991,"Only thing so far that I don't  like… Only thing so far that I don't  like about Amazon is that they usually do not deliver packages to my home. I have to go to the Post Office, which is about 15, 20, minutes from my house.",[],['like'],0,1,Positive Language
1001,"Amazon used to be my go-to for online… Amazon used to be my go-to for online shopping, but lately, the experience has been less better. While the product range is still extensive, the quality of service has declined. no longer stands out as the good service it once was.",['late'],"['good', 'quality']",1,2,Mixed Sentiment
1002,They advertise prime as having fast… They advertise prime as having fast shipping yet I have waited over two weeks for my skincare kit. It clearly stated free two-day shipping on their site if you are a prime member. I was in a rush to get this product and I decided to spend  the money to become a Prime member and get the product quickly and it still isn't here two weeks later.,['late'],"['fast', 'quick']",1,2,Mixed Sentiment
1038,Parcel arrived a few days late but in… Parcel arrived a few days late but in good condition,['late'],['good'],1,1,Mixed Sentiment
1066,"Amazon is BS Amazon is always misplacing my packages and their only solution to something I actually needed is to refund my money or replace the item!! What are they even doing to the delivery people or delivery service?! Recently, USPS, the worst package delivery service in this country was tasked to deliver my air conditioner. Why is beyond me, because even the USPS rep was surprised by this. Amazon customer service provided no empathy or solution. I called USPS and they themselves had no idea where the package 📦 was which was both bewildering and upsetting!!! Amazon customer service no longer seems to follow-up, so I figure, delivery people are ripping them off because they know Amazon will just simply replace the item and that somehow everything is supposed to be right in my world?! I'm a pretty honest person, and that just doesn't sit well with me. Especially when it's hot as all get out in my apartment and I expected to have what I ordered on the date that it was shown to delivered. What made matters even worse; all of the accessories arrived on time!!!!",['worst'],[],1,0,Negative Language
1067,"Amazon delivery has no respect It was a time when Amazon was a really good company,  but now it seems to be just another one just like the other. One of my problems I have with them is their delivery.  I'm a prime member and have been for years but now that doesn't matter to Amazon.  We order often and our home sits slightly up off of the street in a cul de sac and we have the ring and it shows them delivering. I have called, complained and also written instructions with orders and on the account not to walk in the yard on the grass but only walk on the driveway. Well no one cares and they park at the driveway and walk straight through our yard which is well taken care of. Years back they never did this and they have no respect for the customers property.  I will be canceling my prime and shop for what I need elsewhere.","['problem', 'problems', 'never']","['good', 'like']",3,2,Mixed Sentiment
1130,"I have always shopped with amazon and… I have always shopped with amazon and I've never had any problems, good value for money, far delivery until now.I place an order and my card was declined and I couldn't understand why so i ordered again and still it declined so I placed the order again but took an item out because I got one a little cheaper which I received the next day but when I checked my bank account amazon had taken the first 2 payments so I have been in touch with my bank and they told me my orders were cancelled and amazon is holding my money so they need to pay me, I have had several conversation with amazon who said to try my bank who may have it but the haven't, I feel like I've been fobbed off so I'll have to wait till Monday.","['problem', 'problems', 'never']","['good', 'like']",3,2,Mixed Sentiment
1160,50/50 They are ok they have a selection but they put parcels a5 random houses on my street I hate it .,[],[],0,0,Clearly Neutral
1214,"Amazon biased review filtering This is a second review I am writing for Amazon, in order to clarify their biased reviews filtering and complete lack of transparency in regard to users' opinions showing various product defects.I have attempted to publish a review regarding the dysfonctionality of Victron Energy MPPT 75 15 BT device. Three times. With video pointing the defect. None of the three attempts were ever published and no feedback was returned to me regarding the potential reasons for refusal.",[],[],0,0,Clearly Neutral
1217,"Obviously a great tool, but far too many UX issues Obviously a great tool. But far too many issues for UX and connection with audible. Always with the page 'whoops, we're not sure what happened, but something is wrong'I cannot recover around 500eur in audible books, and I cannot sign up for a new account.","['issue', 'issues', 'wrong']",['great'],3,1,Mixed Sentiment
1220,Fairly decent service Fairly decent service. My goods arrived some hours late but all were in excellent shape which was impressive.,['late'],"['good', 'excellent']",1,2,Mixed Sentiment
1340,I order all the time off Amazon I order all the time off Amazon. Sometimes they get my address correctly. Sometimes they don't. I'm fed up with it. It's happening most weeks now. And I've put a special instruction where my address is. Grrrrrrr 😣,[],[],0,0,Clearly Neutral
1343,"Overall Amazon experience. My experience is purely based on the website and processes, but overall amazon with get a 3/5.Purely because a lot of products are the site can 3rd party and made with cheap material while sellers sell products at a high price.However amazon do plenty of offers on normal everyday products and I've not had much issue when contacting them if I have problems.My only gripe would be that sometimes some products are sent out via other couriers such as Evri, DPD, Royal Mail etc, and I wish they would state on the order on the website that this chosen courier is delivering my parcel instead of an amazon courier.","['problem', 'problems', 'issue']",[],3,0,Strong Negative Language
1393,They’ve gotten difficult over the… They’ve gotten difficult over the years.  I recently had items in my cart and called prior to ordering and the second rep (Amazon Locker Specialist) explained the items weren’t eligible for Amazon Locker and why but to go ahead with shipment to a UPS Store and they’d make an exception and reimburse the per package fee.  I received the three packages today and called for the $15.  The first agent insisted after I explained it all again there was “no record” like I’d made it up.  I think their game is for the consumer to give up. He transferred me to a supervisor who also made me explain it before mentioning they “have a recording of the conversation” and she credited $15.,[],['like'],0,1,Positive Language
1394,"Normally, I have no issues Normally, I have no issues with my returns. I learned something new that may help for future purchase for consumers. If any item is on DISCOUNT for what ever reason that means the item is not RETURNABLE even if it states it is returnable. Shein does not make this clear. What is clear is if the item is underwear, make up, Jewlery, pet food or flash sales ect these are non returnable.","['issue', 'issues']",[],2,0,Strong Negative Language
1433,"Amazon was my go to until I noticed an… Amazon was my go to until I noticed an issue for items I hadn't received or purchase I didn't make or returned and I keep getting insufficient fund notices. Eventually was locked out of my account fr fraudulent activity, get back in and it happened several times. I have many devices linked to that account such as echo and fire tablet as well as fire sticks. It is a great inconvenience and the customer service has suffered and not pleasant t deal with for resolving issues. He there's the new found fees for everything even that which use to be free. I have been a vip customer for years today I use other sites because f the new found issues. I hope things get better or I will not be using them in the ear future.","['issue', 'issues']",['great'],2,1,Mixed Sentiment
1444,"What did I dislike? What did I dislike? Giving money to Bezos.What did I like? Good pricing, products, shipping, etc.",[],"['good', 'like']",0,2,Strong Positive Language
1474,"Delivery etiquette Although I love using the service, guys, the delivery drivers these past few months seem to be throwing stuff around a few damaged boxes upon arrival, products can get damaged which is my main concern.",['damaged'],['love'],1,1,Mixed Sentiment
1496,"Have had mostly good experiences You… Have had mostly good experiences You get what you pay for . However would advise them to go back to UPS  , Many packages delivered to the wrong address.They did issue me refunds .","['issue', 'wrong']",['good'],2,1,Mixed Sentiment
1564,"This business website is superb This business website is superb. World know this website buying it all products i.e. home groceries, gadgets, electronic devices, garments.",[],[],0,0,Clearly Neutral
1584,It's okay but they should add a method… It's okay but they should add a method to verify the products they send to their customers.,[],[],0,0,Clearly Neutral
1605,I have been using Amazon for a while… I have been using Amazon for a while and really like their customer service. I wish they audit sellers on the platform properly because many ship from china and return policy is not clear on those.,[],['like'],0,1,Positive Language
1613,Happy to share It is really good for shopping!,[],"['good', 'happy']",0,2,Strong Positive Language
1626,I'm very disappointed because you do… I'm very disappointed because you do not have the same products on all your websited. Why do you have a product on .com website and not on .be website?,['disappointed'],[],1,0,Negative Language
1633,"Quantity over Quality Been a customer for few years and as time goes on I'm reminded why I was hesitant to create an account.  Don't get me wrong they have loads of brands, variety, and prices many times are better than the seller's own website's but all good things on the surface have hidden costs. More than half the time delivery days change often without any explanations. Once I received a completely different product than I ordered and couldn't get the proper product from that seller so had to go through similar items to find a more pricey deal anyways. They did gift card the price but many times I've received items that barely resemble the ad and certainly weren't the quality the reviews said so it makes you wonder how do they stay on top? IMO humans are lazy, we don't want to have to go to five stores to get five types of things combined with free shipping that only seems free. I would also guess Amazon knows what other mega stores online or not do:you don't need the best quality if you have enough items just a bit cheaper than the competition and become a one stop shop. Ultimately my choice to go with Amazon for products, or not, isn't likely to change their business model as look at their profits year over year. But that's just one opinion among hundreds of millions and I've experienced some sellers that have quality products and they probably want a piece of the $$$ that comes with being connected to the fifth largest company worldwide, I can understand that. Good luck, read reviews and log every order.",['wrong'],"['good', 'like', 'best', 'quality']",1,4,Mixed Sentiment
1638,Some of their prices are relatively expensive Amazon will deliver your products alright but u will suffer sometimes before you receive itAnd their prices of some products are too expensive,['expensive'],[],1,0,Negative Language
1645,"It’s okay It’s okay, amazon is cool for gadgets though",[],[],0,0,Clearly Neutral
1649,"Marked delivered and it's not 8/9 deliveries are decent. Anytime I have order something that's perishable, my delivery ended up somewhere else! No picture? No text? No ""Your order is left at your door/locker""? It's my problem to wait 24 hrs and go find it myself??? I order delivery to have it delivered. I leave a step by step guide to find my apt. If I wanted to pick it up at a hub I would! Now I have to reorder this item and wait another 2 dam days when I need it NOW.",['problem'],[],1,0,Negative Language
1655,Needs to be more seller friendly Needs to be more seller friendly. But generally bullish on Amazon. They shut down 1 of my stores and only after sending legal demand did it fix. Ok!,[],[],0,0,Clearly Neutral
1668,"Ridiculous deliveries The delivery of items ordered is a constant frustration.We have a large decking area at the front of our house that allows access to our living room, this of course is a private area. At the top of the steps I have made a large sign with an arrow pointing to the side of the house where our front door is. Both me and my wife order regularly yet the drivers insist on walking across our decking and leaving parcels in front of the living room. We have had the packaging destroyed by rain and we have even blocked off access to the decking area but this is being moved by drivers because they are not acknowledging the sign. We also put instructions on the site when ordering but this is ignored aswell.",[],[],0,0,Clearly Neutral
1685,I liked companies items.costmer… I liked companies items.costmer services are good.quality of clothes and other items are good .All companies products are available here. I trust them.,[],"['good', 'like', 'liked', 'quality', 'good quality']",0,5,Strong Positive Language
1688,"They want you to go prime! They want to force you to subscribe to Amazon prime, if you don’t, they purposefully delay the delivery. Then they give you an approximate delivery date, eg. between the 10th - 15th of that month, it will always arrive on the last day! Why even bother saying it will arrive between these dates, if you will make sure it arrives on the very last day in any case? Does Amazon think that we are all stupid?",['delay'],[],1,0,Negative Language
1740,"Pushing Prime too hard If you still use the business, it means that it's good for you :).I use it, so it's still good and I appreciate it.On the negative side, it's annoying how they keep pushing for their prime membership.And it's even worse for the more vulnerable population.My older relatives who aren't tech savvy have fallen for that Prime trap paying for something they didn't want and don't even use.The prices are also higher than many other competitors online, including from Ebay.So I always look on other places first.Finally, I don't trust the reviews there.But all in all, I still use it and appreciate the ease of shopping at a nearby pick-up spot whenever available.",['never'],['good'],1,1,Mixed Sentiment
1755,"mediocre but functional Amazon often, but not always, tries to make things right when something goes wrong. When it doesn't try, it's kind of a disaster, but I've had more good experiences than bad.bad experiences have included 1) getting dropped from their referral platform for absolutely no reason (accused of violating platform policy); 2) having packages stolen from my porch and having CS ghost me in trying to figure out a resolution; 3) having third party sellers shirk responsibility for problems and having Amazon tell me it's not their fault, or 4) selling fake products or lying about material content or other configuration.In general, I think they're better than plenty of their peers.","['bad', 'problem', 'problems', 'wrong']",['good'],4,1,Mixed Sentiment
1761,"Getting a bit fed up ..... Getting a bit fed up with next day delivery but is being delivered by Royal mail who don't deliver on Sunday, so not next day at all ....Happening a lot now, Customer service no help at all because you can't get past the silly robot chat nonsense",[],[],0,0,Clearly Neutral
1784,It took longer than expected and the… It took longer than expected and the customer service was not the best,[],['best'],0,1,Positive Language
1887,"Worrying Basically Amazon are very good for the prices they can offer on innumerable products.  What I don't like is that when you buy something online it goes straight from clicking ""Buy"" to ""It is on its way"".  This makes me nervous.  It doesn't go to the page where you have to verify your card details and insert the security code, which other sites have.  This means that either Amazon have found a way of getting around the security code, or else they have recorded it on a previous transaction.  This seems very wrong.  It feels like it would be too easy to buy something by accident when you had only gone there to window-shop.  This makes me want to be cautious and Amazon seem aggressive.  I wish this would stop.",['wrong'],"['good', 'like', 'very good']",1,3,Mixed Sentiment
1895,"Amazon prime continues to disappoint Amazon prime continues to disappoint. 2 day delivery no longer exists and movies suck big time. Haven't ran across a movie I want to watch that's  ""free"" in ages. The decent titles have to be rented again on top of the price already paid for Amazon prime. Amazon prime itself is just a gimmick to make sure people use a prime seller to get free not so free delivery. We are stupid.",[],[],0,0,Clearly Neutral
1928,"Amazon is not providing the service I… Amazon is not providing the service I am paying for as a prime member. When searching for a phone case, I was looking for a delivery date that would work before leaving for vacation. NOW it's going to arrive after I have left!!!! I used to get delivery the next day for free. This particular order was not for next day but in 2 days. That's when it showed it would be delivered. Now I look and it's going to be delivered in 3 days!!!!! THAT is NOT customer service. We are in the Service Industry not the slow as possible industry. Where is the commitment to service?!?  Now I have no phone case for my phone and I will likely drop it and break it before I ever receive my phone case if it doesn't blow away before I return. NOT happy! And before you say you can cancel, no, I tried but no they can't accommodate THAT either!!","['slow', 'not happy']","['like', 'happy']",2,2,Mixed Sentiment
1948,"Long time Prime Member That May Change Long time Prime Member.They raise the membership fee by a lot and take away 2 day shipping gurantee. I just bought something that is coming from Amazon and it's going to take a week.  The quality of products has dropped. If I search for ""Asus"" why is the first page filled with your ""sponsored"" stuff that is not what I searched for? And most of it is Temu garbage.   I think it's time we start shopping around more...",[],['quality'],0,1,Positive Language
1980,"Meh, not too bad Meh, it was alright. Overall am happy, expect for a few orders.",['bad'],['happy'],1,1,Mixed Sentiment
1981,"Amazon's customer service has declined… Amazon's customer service has declined over the last years. Their 2 day shipping for prime members is great, but when there's an issue with an order their customer service lacks the support that they should be providing.",['issue'],['great'],1,1,Mixed Sentiment
1995,"Sharp decline in service Sharp decline in service. When I started using Amazon about a year ago my main concern was if I could return items if they didn't work out. I tore up my knee and can't get out to do my purchases and Prime seemed to be a good option aat that time. I could use Prime video and returns were easy. I could take my return to the UPS store half a blck away and they would print my label, scan the item and done!  Recently everything has changed for the worse. They no longer use the same courier company and all the options for drop off are too far for me due to the mobility issues. The free pick up option looks good until you spend the entire day waiting for the pick-up only to get notified at 9pm that you have been rescheduled for the next day. This goes on for days sometimes. I'm sorry, you wanted to shower or take your dog out to pee? Too bad. Most recently I recieved the okay from customer service to leave my pick up at the door and when I got out of the shower they had only picked up one of the two items that were in the same box. By the way, contacting customer service is almost impossible. Good luck finding the link to request a call or actually talking to a person. The AI call doesn't give you the option to talk to a person, you have to know to say ""talk to a person"". The chat doesn't actually chat, it is just more self help. They don't want to know what their customers think.Then there is Prime Video. All the shows I was watching suddenly came with a price tag. The garbage that was left has comercials and isn't worth watching. I haven't watched anything on Prime for weeks. I bought one movie that I will say goodbye to if I cancel but it may be worth it.As for the products, hit or miss as usual. If I am familiar with a brand and it works for me it is usually a safe bet. Otherwise it definitely is a gamble.","['bad', 'issue', 'issues']","['good', 'worth it']",3,2,Mixed Sentiment
1998,"arrived my doctor who poster with all the doctors signed ,my figure of Rey and others show how much they value their customers",[],[],0,0,Clearly Neutral
2003,"Consumer Positive and a Seller Negative Once upon a time, in the magical land of Amazon.com, I embarked on a quest to buy a variety of items and even sell some of my own. Little did I know that this journey would be filled with both laughter and bewilderment.As a buyer, my experience has been mostly positive. Amazon's vast selection of products and speedy delivery make it a convenient choice for all your shopping needs. However, there have been times when I've encountered the occasional weirdness with returns. It's like trying to find a needle in a haystack while blindfolded and hopping on one foot.But fear not, dear reader, for I have discovered a hidden treasure! On rare occasions, I've managed to summon a human customer service representative. These elusive creatures are surprisingly pleasant and possess the power to make your problems disappear with a wave of their magical wand.Now, let's talk about the dark side of Amazon: the seller experience. As a small business owner, I must warn you that Amazon is a greedy and ridiculous platform. It's like a dragon hoarding all the gold and leaving you with just a few measly coins. Their policies are designed to maximize their own profits, leaving sellers feeling like they're on a never-ending quest for fairness.To all aspiring merchants out there, I would advise you to tread carefully in the treacherous realm of Amazon. Offer your products on their platform to reach a wider audience, but don't put all your eggs in this basket. Instead, create your own enchanted website and offer your wares at a slightly lower price. It's like offering a secret discount to those who dare to venture beyond the Amazon kingdom.In conclusion, dear reader, Amazon.com is a land of contrasts. As a consumer, you'll likely have a good experience, but as a seller, be prepared for a wild and unpredictable journey. So, gather your courage, sharpen your wit, and may the odds be ever in your favor!","['problem', 'problems', 'never']","['good', 'like']",3,2,Mixed Sentiment
2023,Sick to death of Amazon drivers not… Sick to death of Amazon drivers not shutting gate I have copd and can’t get down there it’s not all of them but had delivery today gate now left open 😡😡😡😡,[],[],0,0,Clearly Neutral
2037,I am a vivd purchaser on Amazon books… I am a vivd purchaser on Amazon books and other hardware. The best price and shipping dont always seem to be in par with reality. Great selection but quality is not what I expect.,[],"['great', 'best', 'quality']",0,3,Strong Positive Language
2054,3 stars is being generous right now 3 stars is being generous right now! I am so disgusted with these people I could scream!I will summarize to the best of my ability. They are playing games with the way they bill things out and being denied. When they originally debit my card for the total...that amount is set aside for them for up to 10 days. Then they have to finalize when they ship. They are changing the information or something when they finalize resulting in a denial. So I was forced to put money onto my gift card balance and shop that way. Which by the way is taken from my debit card IMMEDIATELY WITH NO PROBLEMS. So I purchased 2 pair of leather boots for work but returned them both. I started looking elsewhere for boots until Amazon informed me that I would NOT be getting my money back!! They put it back on the gift card but will not give me a refund to my debit card. Which now means that I have to save up that money AGAIN to buy boots somewhere else.Being that they were attempting to bill the WRONG DEBIT CARD they were also denied and since have suspended my account. After being on the telephone for at least 3 hours and 4 representatives I have been informed that they are going to KEEP MY MONEY! They told me that they cannot reinstate my account... that I have to sign up all over again. But they WILL NOT transfer my credit balance to the new account and they will not refund it to my debit card! EVERY BIT of this is THEIR FAULT. I don't know what kind of SHADY AF accounting practices they have but it is what has caused ALL of this chaos. And as a result I have to be the one to pay for it. They have me so mad that I told them that I will not be doing business with them any longer so now they HAVE to refund my money. THEY WILL NOT! This is truly unbelievable!,"['problem', 'problems', 'wrong']",['best'],3,1,Mixed Sentiment
2056,a bad experience a terrible experience. a poorly designed website,"['bad', 'terrible', 'poor']",[],3,0,Strong Negative Language
2066,"Shame Paid for prime, and arrived late, product was good.",['late'],['good'],1,1,Mixed Sentiment
2107,"Scammers Scammers. They transferring me 5 times, i spend 2 hours, and the end they did not get my money back because they transefrred me to Amazon Canada, my order was in Amazon US",[],[],0,0,Clearly Neutral
2208,Amazon delivery I use Amazon a lot due to convenience. We don’t live close to shopping. Lately they’ve been trying on the same day delivery and it tends to be 3 days. Not impressed. Don’t offer it unless you can execute. The drivers are damaging a lot of items and they’ve been delayed and returned because of it,"['late', 'delayed', 'delay']",[],3,0,Strong Negative Language
2217,"Unhappy I spend a lot of money with Amazon but I'm getting very frustrated with the delivery service. The next day delivery is not helpful for me as you can't make use of the goods as they normally arrive late at night. Sometimes the delivery is left in full view of any passing  person who had a mind to steal the parcel. Having a large notice saying to Ring the doorbell, they often can't be bothered so you know notice of the delivery.For me the cost of the prime is not worth the money as I don't want music or any of the other so called perksI would take up prime at a cheaper change for delivery only.","['late', 'frustrated', 'unhappy']","['good', 'happy']",3,2,Mixed Sentiment
2290,"3 stars Gave Amazon Japan another go for a neck care device . Here's the quick take : On the plus side, the delivery was quick and they also allow you to deliver to a local score which is very convenient. On the downside the device was quite porly packaged and I'd have returned it if it wasn't for the pain with getting in touch with customer service . However I have to say the device works well and for less than ¥3,000 I am pretty satisfied",[],"['satisfied', 'quick', 'works well']",0,3,Strong Positive Language
2348,Too late parcel delivery and also broken Review text not found,"['broken', 'late']",[],2,0,Strong Negative Language
2361,"Used to absolutely love Amazon prime… Used to absolutely love Amazon prime due to quick and cheaper deliveries and to be able to watch shows and films however lately Amazon prime has started doing advertising on the movies/shows at the beginning and during so I no longer think it’s great  , still good for deliveries but Amazon prime TV is not worth it, you have to pay or subscribe for most of it now and on anything else you now need to watch adverts got a feeling there will be a lot of people like me that will end up cancelling their membership",['late'],"['good', 'great', 'love', 'like', 'quick', 'worth it']",1,6,Mixed Sentiment
2504,"Amazon requires an amendment to enable me to publish reviews once again. Since I commenced utilizing Amazon several years ago, they have restricted my account solely for submitting reviews on my items. This has led to a plethora of items that require reviews! Despite numerous attempts to communicate with them via email support over the years, their responses have been unresponsive and ineffectual.",[],[],0,0,Clearly Neutral
2528,Arrived without issue. Review text not found,['issue'],[],1,0,Negative Language
2560,most sellers are not good most sellers are not good. But when you find a seller they provide good stuff those are good. add more quality control please!!,['not good'],"['good', 'quality']",1,2,Mixed Sentiment
2625,"Drivers letting Amazon down Amazon are a great company being let down by too many delivery drivers not following saved delivery instructions in our area ( Shortstown, Bedford ).",[],['great'],0,1,Positive Language
2632,"Won't honour their own prices Won't honour their own prices. I've been a big customer for years. Today I closed my membership. An item I bought, in sale, was £140 less hours later. I asked for a refund (before it was delivered) and was told that they don't price match. I did say, its only price matching with yourself.I needed the item urgently for work so couldn't return and reorder, which is weirdly what they said that I could do???? Just refund the difference. They wouldn't so I won't be a customer again. Weird policy. It meant that I don't feel like a valued business customer.",['late'],['like'],1,1,Mixed Sentiment
2663,Amazon drivers I love shopping with Amazon. But there is one delivery driver who is unprofessional. He covers up ring camera. Stands to one side and when you try to talk to him. He won’t answer you. He wil post a letterbox parcel through letterbox. Then proceeds to ring the bell. If he has a large parcel he rings bell and knocks on door. He then walks away leaving parcel on doorstep.I’ve reported it but he’s still delivering parcels,[],['love'],0,1,Positive Language
2683,"Had some problems with the delivery and… Had some problems with the delivery and the customer support didnt really listened to me or tried to help me out, but i figure they don't make the whole company so its not the end of the world","['problem', 'problems']",[],2,0,Strong Negative Language
2688,"price fixing, false reviews, false advertising Love them BUT the *price fixing* has to stop. One day celcius is 12 bucks for 12 pack. Another day it's 22 for the same one a couple days later. Black Friday and cyber Monday were both scams bcuz I seen the same stuff at same price days prior and after but they advertised 20 to 80 percent off those days and it was not more than 5 percent in all reality. *Deceptive, false advertising*The *fake reviews* have to stop. I always have to sift through and find real pictures of the product that ends up looking like it's from Alibaba or some knock off company. Those are low standards to follow!",['late'],"['love', 'like']",1,2,Mixed Sentiment
2707,"The product was fine, but has a keyword. The product was fine. The delivery time was fine, but they sent me a keyword to receive the package and I did not know. The hotel did not know the keyword so they get back the product.",[],[],0,0,Clearly Neutral
2719,Disappointed with incessant price hikes… Disappointed with incessant price hikes and lowered value (2 day shipping disappeared) but it is still our main online shopping hub,['disappointed'],[],1,0,Negative Language
2814,"my conspiracy theory I've had overall good results with Amazon & will continue to use them.  I live not all that far from one of their delivery facilities, so my items arrive often sooner than they guesstimated.  I've had no trouble making returns for the times I needed to.  My recent experience is for a food item I've purchased many many times.  During COVID, the price rose & shipping times lengthened.  The price basically rose from $8 to $13 since COVID, which I accept.  Recently I re-ordered, as part of a larger order.  The other items arrived promptly, but this one was due to ship later with different dates given.  This time it didn't & I gave almost two weeks before contacting them.  That went well as I requested a call to me, which I got promptly,  The agent spoke clear English & understood what happened without further questions to me.  She processed a refund to my credit card, because she said, that replacement wasn't possible on this & I could shop for a new one.So looking, I only saw it for $32 - - over double what I had paid.  The trouble with Amazon, you often don't know who the seller is because so much is ""fullfilled by Amazon.""  So maybe the seller never sent it, realizing they could get a higher price due to some shortage.  So I didn't buy it for $32 & looked elsewhere.  I don't think Amazon themselves would do that, but a much smaller merchant might.","['late', 'never']",['good'],2,1,Mixed Sentiment
2841,Amazon is pretty good. Amazon is pretty good.It's useful for cheeper price and good quality products.,[],"['good', 'quality', 'good quality']",0,3,Strong Positive Language
2847,"Amazon customer service I unfortunately don’t have the representatives names, but I had an item never show up. I contacted the customer support for a replacement. The lady who I first talked to LIED saying she could expedite the replacement and get it to me in 2 days. After 4 days, it still never showed up and the statement on my order said Jan. 8. The lady whom I talked to after the 2nd order was placed, said they could not expedite any replacement item and was quite surprised another representative would tell me that. I am EXTREMELY disappointed in Amazon who has an experienced representative LIE TO A CUSTOMER. However, the Second Lady who Told me they could not expedite my order was nothing but absolutely wonderful.","['disappointed', 'never']",['wonderful'],2,1,Mixed Sentiment
2851,"I recently made a purchase I recently made a purchase, of a blender. It is working pretty fine. I really find it worthy",[],[],0,0,Clearly Neutral
2854,"Send packages usually never broken Send packages usually never broken, most I’ve gotten are decent quality they seem to be very quick where as other companies can take a week to arrive.i will bump it down to a 3 star because they did have to send back a ddr4 ram stick I bought because it was broken which is kind of annoying.","['broken', 'never']","['quick', 'quality']",2,2,Mixed Sentiment
2882,"Delivery times are accurate Delivery times are accurate, however the last few times my parcels have been left on the door step even though I've been at home. The driver doesn't even knock the door. I have even left instructions on where to leave the delivery if I'm not in.",[],[],0,0,Clearly Neutral
2924,Does not honor requests Always uses USPS even after reporting that we were having issues with them. Packages always lost cos they leave them a block away from our house.,"['issue', 'issues']",[],2,0,Strong Negative Language
2925,Get prime for free shipping I love the fact if you get prime you get free shipping.i don’t like there return policy cause to me when a adult toy messes up I wouldn’t want it back as for Amazon they want it sent back. I love that you can get on Amazon and practically get anything you want from toilet paper to motor oil.,[],"['love', 'like']",0,2,Strong Positive Language
2937,"Overall good site but just be careful Overall good site. Delivers when they say. The only issue I have is my card was replaced while in a trial of prime that was 1.99. When I went to update it, they didn't even let me finish my week of prime (I was only 3 days in) and they charged me 14.99 right away. So I paid 16.99 for a month in reality and customer service said because I used it. (Um like people do with a PAID trial) I was just basically out of that money. So I'll order again but never will I ever use prime again.","['issue', 'never']","['good', 'like']",2,2,Mixed Sentiment
3006,"Good marketplace Decent company has a wide variety of products as you would expect from Amazon. The customer service is slowly becoming better and better. I like shopping with Amazon as it is quick and reliable and I can always get a refund if needed. However I think there are some areas that could be improved, for example, the way they treat their staff and handle goods",['slow'],"['good', 'like', 'quick', 'reliable']",1,4,Mixed Sentiment
3007,"Good and bads Overall not too bad, amazing prices and basically everything you need. Smooth process of buying and returning of items, never had any issues in that area, my only pretty big minus is there courier drivers, 90% of the time they either knock and leave in full view of people walking past and are back in there van and driven off before you even open the door, or most the time they don't even knock on the door and leave it in full view of people, if I didn't follow the tracking as closely as I do I wouldn't be surprised if half my parcels get stolen. Overall amazing shopping experience but extremely lacking in courier drivers.","['bad', 'issue', 'issues', 'never']","['good', 'amazing']",4,2,Mixed Sentiment
3036,"from what I see here from what I see here, you are all a bit frustrated, first of all, some of you wouldn't last even 2 hours as a courier at Amazon, you don't have the common sense to buy a parcel box, you only know how to complain, you have the impression that you have to let the courier treat you as if you were their boss, you have demands and some of you don't even say thank you for a correct delivery, not to mention those of you who lie that the packages haven't arrived, let the courier lose his job, some ….you are , in your work you will have a share of this",['frustrated'],[],1,0,Negative Language
3059,"Delivery time is ok Delivery time is ok, but the quality is going down and down with each passing day! Please do the pick up soon and exchange!",[],['quality'],0,1,Positive Language
3088,"No delivery card left Orders arrived next day, but driver left package in the bin, didn't leave a note/card and didnt take a picture. Found the package 2 days later when taking the bins out",['late'],[],1,0,Negative Language
3242,"I love the convenience and awesome… I love the convenience and awesome prices Amazon offers with Prime, but the times that i have received the product later than expected are not rare. It's starting to feel less reliable and that's really frustrating for a Prime member who pays specifically to avoid these problems.","['late', 'problem', 'problems', 'frustrating']","['awesome', 'love', 'reliable']",4,3,Mixed Sentiment
3283,parcels delivered by Amazon on… parcels delivered by Amazon on Wednesday 22nd November 2023.Should have been delivered at my address. N2.didn't arrive but a neighour knocked.my front with parcels that had been left outside our building.And took this upon himself for delivering  all parcels.But the Amazon delivery person stated that he handed the parcel to the resident that's me.Marmag,[],[],0,0,Clearly Neutral
3289,"Used To Be Excellent. Used To Be Excellent.I have been with Amazon and Amazon Prime for over a decade and they have been excellent in every way a few hitches but it’s to be expected and was dealt with .The last couple of years the service has got steadily worse , prices are in some cases ( majority) very much higher , I recently return ed items which basically were not fit for purpose and received from Amazon an email threatening to close my account for returning to much but if you send me clearly used goods or goods which are not as shown I shall return them but Amazon are not interested, the deliveries are good on the whole but had things throw over fences dumped on car bonnet .. I have cctv so know when the driver lies .Prime is not really worth it as a lot of the films are just really cheap budgeted movies you wouldn’t watch anyway . After the last email threatening to close a very active account I am thinking now to take the lead and pull the plug on Amazon.Once they were excellent but I think they have now grown to big and offer very poor value for money",['poor'],"['good', 'excellent', 'worth it']",1,3,Mixed Sentiment
3399,"Good when all is smooth flowing but… Good when all is smooth flowing but very annoying when it offers next day delivery and then is delivered in 2-3 days... Never used to happen. Would like to think paying for a service provides quality standards back to the customer, especially after Prime prices were raised and product prices are higher than in stores already. Amazon is now charging for returns also.  Stuff like this adds up over time and slowly pushes the customer away, in my personal experience.","['slow', 'never']","['good', 'like', 'quality']",2,3,Mixed Sentiment
3404,"Not as good as they used to be Good when all is smooth flowing but very annoying when it offers next day delivery and then is delivered in 2-3 days... Never used to happen. Would like to think paying for a service provides quality standards back to the customer, especially after prices were raised and prices are higher than in stores already. Stuff like this adds up over time and slowly pushes the customer away, in my personal experience.","['slow', 'never']","['good', 'like', 'quality']",2,3,Mixed Sentiment
3430,Sometimes orders came wrong not as… Sometimes orders came wrong not as descriptionbut overall nice prices according to the quality.,['wrong'],['quality'],1,1,Mixed Sentiment
3448,"Too Many Weird Companies Selling The Same Thing Lately it seems that your search will reveal many products but are apparently from the same manufacturer. There will be the XYZ company or the Lovemore company or what ever the name is but when you look at each item by different companies they are all the same sales page. Its like there is an uncle who produces the product and six kids and cousins who create a company and sell the products. Sometimes the prices are different or the ship time but its still the same product. Problem is it wastes your shopping time. Also, MANY of these companies have quality issues. Amazon needs to pare down these duplicate search results.","['late', 'waste', 'problem', 'issue', 'issues']","['love', 'like', 'quality']",5,3,Mixed Sentiment
3533,"I cannot count how many times they've… I cannot count how many times they've offered next day delivery and every time I've ordered within the time frame and with a purchase amount to meet the ""requirements"" and not once has any of it been delivered next day. Not once. Do not fall for it. And it appears some of their drivers are either illiterate or just lazy or both. I order all the time from Amazon because it is convenient but Temu offers much better deals and even though the shipping takes longer, they don't lie about that and you get a credit if it's late.",['late'],[],1,0,Negative Language
3534,"Amazon's customer service was… Amazon's customer service was incredibly frustrating... I had to wait for hours, and when I finally spoke to a representative, they were unhelpful and dismissive of my concerns. It was a disappointing experience that left me with a sour impression of their service.","['disappointing', 'frustrating']",[],2,0,Strong Negative Language
3574,Average Earlier I was happy but this time my parcel come late and the product's price was a lot a bit high.,['late'],['happy'],1,1,Mixed Sentiment
3590,A bad day and a not so good service… A bad day and a not so good service from them.,['bad'],['good'],1,1,Mixed Sentiment
3608,Normally I’m happy with Amazon Normally I’m happy with Amazon. They deliver fast and have a wide variety of choice. Prices are not always very competitive though. What really sucks is the customer services. Everything is standardized. No room for a personal touch. Today I received a toaster but It’s been used but the only thing I can do is send it back.  I would never buy something electronically. I guess you can’t trust their suppliers,['never'],"['happy', 'fast']",1,2,Mixed Sentiment
3615,"Some great Some great, some not great. Product offering is fantastic. Markup on the cheap stuff is not. But if i Use their App then that is on me. Easy returns. Free shipping. Good to go",[],"['good', 'great', 'fantastic']",0,3,Strong Positive Language
3618,DELAYED SHIPPING with USPS Amazon has switched most of its shipping from UPS to USPS which has been terribly unreliable or extremely late in deliveries. Very disappointing for an Amazon Prime customer!!,"['disappointing', 'late', 'delayed', 'delay']",['reliable'],4,1,Mixed Sentiment
3634,"Ordered a mattress during their prime 2… Ordered a mattress during their prime 2 day deal event, booked in for delivery 2 weeks later but 2 days before the scheduled delivery I received a notification that the order had been cancelled as the item was damaged on receipt at their depot. I enquired as to why a replacement wasn't sent as it is still available to purchase on their website, but was not 'that was not possible' they informed me I could reorder the item, but at the new higher price (150 pounds more than it was on sale) it feels as if they simply didn't wish to honour the sale price which I feel they should have done.","['damaged', 'late']",[],2,0,Strong Negative Language
3695,"Convenient, but shame about ethics Love how convenient Amazon is, and especially their Prime service. In the rare instance I get sent the wrong or damaged product they are always quick to fix it...However, they do seem to have dubious business practices, undercutting other companies on their website etc, and dont have a strong employment record for their warehouse workers (I am sure their technical and business side have good working conditions and compensation) which is a shame.","['damaged', 'wrong']","['good', 'love', 'quick']",2,3,Mixed Sentiment
3700,"Order item 7th October and was told it… Order item 7th October and was told it would be delivered by 14th October.  After wasting 3 days waiting for this parcel, I was told by the message bot to wait until 19th and contact again. Do they not realise people and  life and work.",[],[],0,0,Clearly Neutral
3737,3 stars! My order was late but they made sure I had every update about the package when it was on the way to Amsterdam.,['late'],[],1,0,Negative Language
3742,"Decent Decent, these days a lot of cheap and/or fake goods are being sold on the site.  Sometimes packages may get lost, but usually replaced.",[],['good'],0,1,Positive Language
3808,not that great service Review text not found,[],['great'],0,1,Positive Language
3809,I like Amazon but I think clothing… I like Amazon but I think clothing could be better. Ordered few things online and quality was a bit low but very fast and reliable,[],"['like', 'fast', 'reliable', 'quality']",0,4,Strong Positive Language
3834,fast shipping but poor costumer support Review text not found,['poor'],['fast'],1,1,Mixed Sentiment
3835,i purchased i dog leash and carrier bag… i purchased i dog leash and carrier bag  shipping taking too long,[],[],0,0,Clearly Neutral
3843,"Amazon themselves are great the problem… Amazon themselves are great the problem I have is when I buy tools It is virtually Impossible to get receipts from third party sellers, It then makes the whole concept of using Amazon for cheaper tools none viable as we can not get tax relief or vat back from the purchase.",['problem'],['great'],1,1,Mixed Sentiment
3846,Got my package delivered today Review text not found,[],[],0,0,Clearly Neutral
3848,Takes a little longer than expected Everything went well. Deliveries take some time tho. But overall pretty well.,[],[],0,0,Clearly Neutral
3858,"Fast delivery Fast delivery, decent customer care",[],['fast'],0,1,Positive Language
3873,"I buy a LOT of stuff from Amazon I buy a LOT of stuff from Amazon, but I've been frustrated for a while now on how their algorithm works for suggestions.  On the main page it recommends even durable products I've already purchased.  It continues to recommend products for months in which I show no interest.  Sometimes I'll click on something because I can't tell what it is from the picture and from then on, I keep getting it recommended.  I have cleared my ""history"" multiple times, but it always goes back to the lame recommendations.  The problem is in the algorithm used for recommendations and should be seriously reviewed.","['problem', 'frustrated']",[],2,0,Strong Negative Language
3935,"My project manager, Amy I'm disappointed that my books aren't up at sights Amazon said they would be for sale at. However, my project manager, Amy is beyond awesome. She has been so helpful, kind, and willing to be there for me for whatever I needed. When I ask that her team fix something she gets right on it. If I don't understand something she is gentle to explain.",['disappointed'],['awesome'],1,1,Mixed Sentiment
3970,"I purchased a dive watch from Amazon on… I purchased a dive watch from Amazon on 8/29/23. The item came on time. However, it was defective. So, rather than get a refund, I ordered a replacement on 9/2/23. The package was supposed to arrive in two to three days. I am still waiting for the item. It is now almost 9/18. I am a Prime customer, and have spent quite a lot of money with them over the years. I've called their customer service numerous times. I keep getting the same scripted answers. Sounds like a run-around to me. The item is in transit, they keep repeating. When I checked the USPS tracking history, the last date is 14 days ago, on 9/4/23, stating awaiting receipt of item. In other words, the Post Office hasn't even received the package. Even Amazon's own website says the package may be lost, and to request a refund or replacement. I was told to call back on 9/20 for them to investigate further. That's 18 days since I ordered the item. What a joke. I barely can understand these reps over the phone. Sound familiar? This is the last time I will ever order a big-ticket item from them. Before, Amazon promptly refunded me or sent out a replacement right away. This is how you lose loyal customers!Post Script (9/26/23): I was finally issued a refund,18 days after I purchased the watch. The item never arrived, nor did the USPS ever receive my package. I got an email from their customer service saying that the package was deemed 'not deliverable' and sent back to an Amazon facility. Just what I was telling them all along. As a Prime customer, I should not have to wait nearly three weeks. Amazon could have sent me a replacement. Again, this is not a good way to treat their loyal customers.","['issue', 'never']","['good', 'like']",2,2,Mixed Sentiment
3971,"Multiple failures to deliver packages I've ordered from Amazon countless times, most of the time I do get the packages. Sadly now and then they fail to deliver the items, and just recently they've failed once again to deliver.To say that it's annoying is an understatement. Clearly they really need to improve on this. 3 stars because they have previously managed to deliver items, but also failed to deliver items.","['failed', 'failure']",[],2,0,Strong Negative Language
4035,Love Amazon but they really need to do… Love Amazon but they really need to do something about the excessive packing which is a strain on the environment. Although the cost is great and the variety and the trustworthiness of the products and delivery is excellent. But all that is marred when the item is tiny and it is packed in a huge box with a lot of packing plastic/cardboard materials.,[],"['great', 'excellent', 'love']",0,3,Strong Positive Language
4038,"on delivery time on delivery time. When I order sometime for one day delivery I need it the next day. After ordering, they always switch up the time and say it will come in 2-3 days. If I wanted to wait that long,",[],[],0,0,Clearly Neutral
4050,"Amazon vendors As of today these thieves have not refunded my money! Forget Amazon! Besos is a crook! Still hasn’t arrived. Status on Amazon says “delivered”, however they explained that when it arrives in the US it’s in delivered status. They claim 48 hours from today or a refund. Some of the vendors they use 🤬! Especially the vendors in china. Placed order on August 6 for an NFL blanket-still hasn’t arrived! Shop around. I make most of my purchases outside of Amazon. This vendor is Custom Shop Gift!?! Sounds like 🤬",[],['like'],0,1,Positive Language
4057,Bad service and no returns offered Amazon overall deliver a good service but it can fall down when some of its suppliers provide a very bad service. In my case I bought 3 cat Webbox  sticks from Staks and Co. They offered no return service. I paid £8.19which I had assumed  was for 3 X 3 packets of Webbox Cat sticks and so I paid £8.19. They sent me 3 so i paid £2.73 eachper  packet when they only cost £1.00 in Morrisons. Don't use Staks and Co unless you are very rich.   Oh and no returns.,['bad'],['good'],1,1,Mixed Sentiment
4078,It takes you too much time to send me 1… It takes you too much time to send me 1 lousy book! I'm wating for over a month now!,[],[],0,0,Clearly Neutral
4098,"A so-so experience A so-so experience, the shipper never called me when they didn't meet me so many times they dropped the package outside the door, never cared that the properties inside are expensive or not.","['expensive', 'never']",[],2,0,Strong Negative Language
4103,"I have 2 issues with Amazon I have 2 issues with Amazon. I have an issue with having to send things back via UPS, we don't have a UPS store here. You can, however, print out a label they will send you, and you can put it in the UPS Dropbox, however we don't have those and I don't have a printer! So if I get things that don't fit or I just don't like them I cannot send them back and I'm stuck with them. It gets old. The second issue I have is their packaging. Most of the time you get 1 or 2 small items in a large box, what a waste. sometimes they come in plastic envelopes and are smashed because there's no protection.I'd rather have small boxes because then they fit in the parcel lockers at the Post Office and I don't have to take off of work early to go pick up my packages because they don't fit. I can recycle the cardboard, I just think it's stupid to put a calendar in a box that you could fit 10 pairs of shoes in it. I've contacted them several times about these issues and have yet to see a response. And I use amazon ALOT!","['waste', 'issue', 'issues']",['like'],3,1,Mixed Sentiment
4106,shopping Best app for shopping,[],['best'],0,1,Positive Language
4109,cheap prices cheap pricesshipping feesglobal marketing company,[],[],0,0,Clearly Neutral
4122,"Negative comments about products I order a lot on amazon. They usually ask for comments on products. I did a lot of comments on the products that I purchsed. I suddenly realised that I canot add comments on the quality os some that I recived and had to return them. I recall 3 times that I left comments amd truly said but Amazon send me a espouse that it canot be published. I wondered at the time of Amazon was trying to protect customers or the businesses that are selling on Amazon. Customers are allowed to leave comments that are honest and true, but Amazon filtering stops negative ones and this is not protecting the customers rights but businesses. If we the customers stop buying from Amazon, where would Amazon be.",[],['quality'],0,1,Positive Language
4140,I like to order from amz but their… I like to order from amz but their service could be better.,[],['like'],0,1,Positive Language
4142,I don't like Jeff Bezos haircut Review text not found,[],['like'],0,1,Positive Language
4143,Getting worse Sad to say Amazon is getting worse. Talking to customer service doesn't correct the problem. My problem Amazon have started to leave deliveries on the door step and not waiting just drop and walk. The package is in view from the road. Lastly they are allowing sellers to sell cheap Chinese products that break within weeks…,['problem'],[],1,0,Negative Language
4183,"No efficient human support Used Amazon for more than 10 years. Most of the time, when products are sent, things go more or less as planned (often later than forecast delivery times).But... When something goes wrong, it is challenging to get hold of a human. When we finally reach someone, they do not have time and give you the runaround. Basically, whenever you need real support, there is none.For example (latest to date): ordered 10 automation devices. 2 were delivered. The last 8 to expect on 10-Aug. It is now 27-Aug and still no update. Finally reached someone and after lots of chatting, the staff stated ""It is stuck"" (no more explanation). ""You will get an e-mail when it is released..."" Unable to cancel the order either. So if I order again, I might end up with double the quantity one day.There are more examples. In each case, it took months to resolve.","['late', 'wrong', 'never']",[],3,0,Strong Negative Language
4199,Slechte customer service Review text not found,[],[],0,0,Clearly Neutral
4226,Nothing that i deslike Nothing that i deslike - satisfied with prime,[],"['like', 'satisfied']",0,2,Strong Positive Language
4240,"""Amazon has truly revolutionized the… ""Amazon has truly revolutionized the way we shop online. The platform offers an incredible variety of products, from everyday essentials to niche items that are hard to find elsewhere. The user-friendly website and app make browsing and purchasing a breeze. With features like one-click ordering and Prime membership benefits, such as fast shipping and access to streaming content, Amazon has set a high standard for convenience. However, sometimes the sheer number of options can be overwhelming, and there have been concerns about the treatment of workers in their warehouses. Overall, Amazon remains a go-to destination for shopping, providing a seamless experience for customers worldwide.""",[],"['like', 'fast']",0,2,Strong Positive Language
4256,good good. swift delivery also,[],['good'],0,1,Positive Language
4274,Abccd eljhkkate hjsdtopla Review text not found,[],[],0,0,Clearly Neutral
4281,"Important message There is a little too much things on amazon to where you can easily get scammed. Other people might not think this, but I've got scammed on almost half of my orders and I have almost 100 orders on amazon.",[],[],0,0,Clearly Neutral
4298,I bought a brush it came to my house in… I bought a brush it came to my house in 2 weeks with amazon shipping...,[],[],0,0,Clearly Neutral
4405,amazon don't sell this i have found something that amazon don't sell.i am a laryngectomee and i was after a larysnorkel freedom so i could go swimming again but i can't find on anywhere and even on the lary page i can't even pay for it so if amazon don't sell one then i give up but other wise its a good firm to buy from,[],['good'],0,1,Positive Language
4427,"I absolutely love Amazon and have been… I absolutely love Amazon and have been shopping with them for years, but I couldn't believe it when a Botabay Dog Stroller was bought as a gift for my ageing dog from my sister and the description states that it has a rear storage pocket, it doesn't!!! That was one of the main reasons it was purchased. My ageing dog loves it, but we are so disappointed. My sister spent over £205.00 on it.......how disappointing!!!","['disappointed', 'disappointing']",['love'],2,1,Mixed Sentiment
4460,Modern day shopping Would give them a higher score if the delivery drivers stopped leaving my parcels on the doorstep in full view of everyone and then saying they'd handed it to the resident! Needs sorting out,[],[],0,0,Clearly Neutral
4482,"Bad experience of deliery service First of all, it's really convenient to buy anything from Amazon. I will give credit to that. However, Amazon delivery can sometime drive me crazy. They just dump the package at the front door while I'm just at home!! Thank god it was just a plastic watch I bought....",['bad'],[],1,0,Negative Language
4508,Amazon is good earning website Review text not found,[],['good'],0,1,Positive Language
4523,"Support service is just terrible and buyer is hardly ever protected Prices are very high, buyers are hardly ever protected, especially international customers using freight company address for shipping-just like me. Amazon allows drop shipper sellers who are not aware what they are dispatching. If your item is not as described you are experiencing monetary loss. Regarding customer service: it used to be very good back in the years but now most of them are sleepy and I even have a feeling that they did not understand English and they are using some online dictionary to see what you wrote, frequently they provide with irrelevant answers. Not all of them but most do. Amazon VS eBay-better buy on eBay, eBay has unbeatable prices at least.",['terrible'],"['good', 'like', 'very good']",1,3,Mixed Sentiment
4530,"Amazon shipments always delayed I am so tired of my products being delayed.  More that 70% of my shipments are delayed. I a, a prime member.  My latest was a shipment for a car part I needed immediately.  I paid an extra 30 dollars for the part because I was promised next day delivery.  It is now 2 days and still no arrival.  It tells me the shipment is delayed.  I just cannot trust amazon any longer.  I purchase at minimum 4 to 5 items every two to 4 weeks.  I think I will go back to buying locally when I really need something.  My car is down and don't know when the part will come in.  I will need to buy locally tomorrow toget my car going and send the parts back from amazon if they ever show upt.","['late', 'delayed', 'delay']",[],3,0,Strong Negative Language
4533,"Amazon Prime are liars far too often Amazon Prime. It's fine when they have the item in stock and you are prepared to wait until the end of the day.Recent orders - My keyboard broke, so when asked if I wanted delivery morning I said yes please. Got a message late morning saying couldn't deliver, nobody at home. This is code for ""you live off my route, and I have too many parcels to deliver, so I will pretend you weren't in"". Liars. So instead I received it at the end of the following day.Next one - I ordered an item that said it would be delivered next day from their website. An hour later I get a message saying that the item would be delivered in 11 days time. So I cancelled the order, and my money will be returned in about a week and a half. Amazon must have known that they had no stock, their stock must be computerised for the robots to be able to fetch it off the shelves. SO liars again. When you are paying an extra £90 a year for next day delivery, this kind of behaviour sours the relationship.Next problem - you cannot complain by chat about an order you have cancelled. So I asked for a call and was called by a young woman the other side of the world, for whom English was guesswork. But then I don't speak Phillippino either. Waste of my time again.","['late', 'waste', 'problem']",[],3,0,Strong Negative Language
4535,"Amazon becoming next flipkart… My favorite destination for online shopping. I always shopping from amazon. It is a trusted platform for online shopping. But in nowadays, Amazon is becoming Flipkart. I seen dozens of FAKE Products (with Misleading description) on amazon everyday, like iKall mobile, Maple etc. Plz remove these products from your plaform, If you want, people trust on amazon.",[],['like'],0,1,Positive Language
4540,"At this point impossible to maintain… At this point impossible to maintain the expectation for the number of customers and business they are responsible of.The system is not there to serve the large mass of customers and businesses on Amazon. Yet, it is still the largest e-commerce site. It is convenient, easy to utilize and buy.  As a business you do get the large reach to the audience and credibility.However, you should not only rely on this website.  There were products that get to me quickly and some that never arrived or cancelled. Well I never lost money yet, and nothing really amazing either.",['never'],"['amazing', 'quick']",1,2,Mixed Sentiment
4557,"Good store Good store, some products are poor quality others are great","['poor', 'poor quality']","['good', 'great', 'quality']",2,3,Mixed Sentiment
4578,Been a prime user for about 3 years Been a prime user for about 3 years. Use to be really good. Even use to get same day delivery. Now delivery’s are 2-4 days,[],['good'],0,1,Positive Language
4579,This is the best platform for me… This is the best platform for me because which i order from this olatform was good product and satisfied.I realy like this platform,[],"['good', 'like', 'satisfied', 'best']",0,4,Strong Positive Language
4646,from gives to pay for the goods Review text not found,[],['good'],0,1,Positive Language
4647,"Review about Amazon Amazing product, good services, in time delivery, chatting service",[],"['good', 'amazing']",0,2,Strong Positive Language
4657,amazon is a good platform for B2b… amazon is a good platform for B2b bussines.,[],['good'],0,1,Positive Language
4685,"I am okay with them I am okay with them. The delivery was on point, 1 day late.",['late'],[],1,0,Negative Language
4689,I ordered a sandisk 1tb microsd from… I ordered a sandisk 1tb microsd from Amazon and it was perfectly working. The only thing I hate about Amazon is their support which isn't very humanly.,[],['perfect'],0,1,Positive Language
4742,"It's okay It's okay, but since finding TEMU, I'm a converted customer. Things are much more affordable on there, same products at such a lower price. They have 50% off if you put this in the search bar afb28153 once you download the app!",[],[],0,0,Clearly Neutral
4756,Great Service And Fast Delivery Asusel Review text not found,[],"['great', 'fast']",0,2,Strong Positive Language
4811,"Been shopping on Amazon for some time… Been shopping on Amazon for some time now...items are delivered most of the time in a timely manner. However, sometimes the packages are lost on the way and Refund take ages..",[],[],0,0,Clearly Neutral
4828,Delivery came late but all is well Not the best at delivering all products,['late'],['best'],1,1,Mixed Sentiment
4830,No common sense for packing You have to wonder what idiot decided packing a $500 rifle scope in the same box with a 40lb bag of dog food was a good idea.,[],['good'],0,1,Positive Language
4869,Lost my package again lol Review text not found,[],[],0,0,Clearly Neutral
4883,I haven't used this website for… I haven't used this website for shopping for a long time. I often bought things on it when I was in school.,[],[],0,0,Clearly Neutral
4941,"Parcel never arrived. Although full refund given when requested. I ordered an Amazon Fire stick. It was supposed to be delivered on 6th June 2023.I received an delivery confirmation on email. It stated the parcel had been delivered at reception. This is somewhat suspect because there is no reception area or anywhere safe to leave it, except with a neighbour. It wasn’t left with one of them. I enquired about this on Amazon chat. To be told the delivery status was updated too early. Strange… Apologies were given and the new delivery date was 8th of June 2023.Surprise, surprise…the parcel still didn’t arrive on 8th June. I called Amazon customer service and informed them about this. The customer advisor stated they need to speak to their manager. I explained they are in breach of contract the goods never arrived and funds have been taken. I asked for a full refund.To be fair, after the advisor had spoke to their boss. They stated I would have a refund in up to 5 working days. They also told me I could keep the items if they arrived. Of course, the items never arrived.I received a confirmation email of my refund being processed. Thankfully, I received a full refund including the postage and packaging I paid for too. Despite the initial frustration to start with, I’m happy I got a hassle free refund experience. Although, I am somewhat reluctant to order from Amazon incase a parcel doesn’t arrive again.",['never'],"['good', 'happy']",1,2,Mixed Sentiment
4967,Often a lot of items for a better price… Often a lot of items for a better price than otherwhere. Multiple Payment methods. Unfortunately a few redtricted product categories. Sometimes out of stock,[],[],0,0,Clearly Neutral
4968,"Amazon's Shipping Service Leaves Much to be Desired Since Amazon has gone to its own shipping, the shipping has become unreliable. I recently ordered three cases of copy paper at the same time, same order--one came one day, a second came the next, and the third never came and Amazon told me it had been returned. How can three packages, ordered at one time, each find a different path (or not) to the purchaser? With other order, packages have been dropped off at neighbor's houses and then shown on the Amazon website as being 'delivered'. Clearly Amazon should not be in the shipping business. And for the privilege of this Amazon ""service"" the company has increased its membership fees substantially. I am frankly looking at alternate suppliers.",['never'],['reliable'],1,1,Mixed Sentiment
4985,amazon make it very difficult to get help or advice well they make it difficult to get any advice on customer service. I bought an orbitrek and the remote does not work onj this machine but it puts my tv on mute.  I would like them to give me an answer to this.,['does not work'],['like'],1,1,Mixed Sentiment
5012,"When you try to buy a gift card When you try to buy a gift card, Amazon could easily ban you or sent you for verification. Even if you have a history with them, expect some troubles here.",[],[],0,0,Clearly Neutral
5071,Decent delivery. Review text not found,[],[],0,0,Clearly Neutral
5169,too much going on Review text not found,[],[],0,0,Clearly Neutral
5171,"The shopping experience on Amazon has… The shopping experience on Amazon has been mostly positive, with a wide selection of products and convenient services.  However, improvements are needed in packaging to prevent damage during transit.  Occasional delivery delays and inconsistencies in product information should also be addressed.  Despite these areas for improvement, I appreciate the convenience and variety offered by Amazon.",['delay'],[],1,0,Negative Language
5180,"Ontime delivery need improvement Lately Amazon has been doing great. They have managed to get my items to me on time. Previously, it was like everything I purchased was coming late. Today, I get a message that my package will be late. Please, let's not start this cycle again. I'm leaving a review based on the company itself. I would like to make a suggestion. When, a Primes member orders items within a certain time frame to have them delivered by a certain day, that's what we expect. Some of us are business owners, work from home, and have projects to complete. Paying for a service just to receive items late is a mute point. Here's my suggestion. For every order a prime member does not receive by the correct time frame indicated, you refund half the purchase price or give a $15 Amazon credit automatically. This means prime members should not have to call in and request this credit. You should have a designated team who keeps track of shipping to ensure orders will be delivered on time and when they are not, you credit the prime membes' account and send the notification of received our items late. How does that sound. Because $5 isn't enough. Truth be told $15 isn't either. However, it's more that $5.",['late'],"['great', 'like']",1,2,Mixed Sentiment
5248,"Uncertain Usually my amazon deliveries are great, but only when I deliver to my mother's home as they always put my parcel behind the wheelie bin if no one is home or just in general preferred space even if I'm home and they take a photo to let me know. However, when ordering, make sure to check what area you live in cause some areas are prone to either stealing your parcels if its small. I ordered 2 mascaras recently and it was suppose to come Thursday and suddenly I get a notification it's delivered today and left in the letterbox when it was not there at all, so disappointed, I'm never going to order to my apartament as my parcels are always never delivered, only if they're large parcels then they arrive as I'm shown tracking, and it arrives to me as I wait downstairs, also depends who delivers it, but when it comes to small packages it's always a problem, I'm awaiting a refund and re delivered same item to new address. Plus I didn't get a tracking map this time for this one  the delivery just flew out of nowhere, it kept saying delivering tomorrow then today and just switching up.","['disappointed', 'problem', 'never']",['great'],3,1,Mixed Sentiment
5269,Power Savers Power SaversDespite being fraudulent Amazon have listed five power saving devices on their web pages.  The extravagant claims for these devices are based on incomplete knowledge of anything to do with electrical power consumption measurements.. Save 50-75% on your Energy Bill  what utter utter frauds.  Amazon of course  don't make only sell them as a drop shop.  M E Denton Lincoln UK,[],[],0,0,Clearly Neutral
5327,"Manipulated reviews As a matter of fact, amazon had been quite satisfying since I first used their services years ago.Though, the past few years I find quite annoying their borderline policy about delivery date. There was a time when that delivery date was fixed. Now it changes even in previously received mails. The only way to keep track of their promises is to make a screenshot. The most irritating things is that every time you write to complain about undelivered items and warn other users, amazon refuse your review. They even remind you stupidly that your review should focus on the item quality.  How are you supposed to do that without even receiving the item ?",['late'],['quality'],1,1,Mixed Sentiment
5359,I feel like Amazon has gotten worse… I feel like Amazon has gotten worse over the years. Alibaba and Etsy have much better variety of items at a much cheaper price.,[],['like'],0,1,Positive Language
5360,"AMAZON SUPRESSES BAD COMMENTS… Amazon or its Sellers have found a way to suppress bad reviews. You can see that there are 8% bad reviews on an item but when you click on the 1 star review to see comments a notice pops up saying ""Sorry, no reviews match your current selections"". Therefore you know there are bad comments you just can't access them. Pretty bad business practice that should not be allowed on any trustworthy platform.",['bad'],[],1,0,Negative Language
5391,"What's going on!? 5/10/2023 - I find Amazon's customer service woefully lacking. It seems that those taking customer service calls lack knowledge of how their review system works. I have been trying to review 3 items I've recently purchased and Amazon is blocking me from doing so. The stated reason is that I'm not a verified buyer. If I purchase it on the Amazon site, how much more verified is that. When things like this happen, it feels like there is something nefarious going on between the seller and Amazon.I was told that I needed to wait for 24 hours after delivery before I could leave a review, but they couldn't explain why I've been able to review other products minutes after delivery.I was told that I would receive an email regarding my issue. It's been ten days and still no email. Very frustrating and very suspicious.","['issue', 'frustrating']",['like'],2,1,Mixed Sentiment
5398,"Decent Quality, but Watch Out for Extra Costs As a longtime customer of Amazon.com, I have mixed feelings about my recent experiences with the company. While I can't deny the consistently good quality of their products and services, I can't overlook the growing trend of additional charges for certain features. It has left me feeling moderately satisfied with my overall experience.One aspect that has always stood out for me is the impressive range of products available on Amazon. Whether I'm looking for electronics, home goods, or even niche items, I can usually find what I need. The quality of the products I've purchased has generally been reliable, and I appreciate the convenience of having everything delivered right to my doorstep.However, my contentment has been somewhat dampened by the increasing number of features that come at an extra cost. Previously, I enjoyed the simplicity of a Prime membership, which included fast shipping and access to a decent selection of movies, TV shows, and books. Unfortunately, it seems like more and more perks are being pulled behind additional paywalls, which can be frustrating.For instance, the introduction of Amazon Prime Video Channels, which require separate subscriptions for certain content providers, has made the streaming experience less appealing. It feels like I'm being nickel-and-dimed for every additional service, making it harder to justify the extra expenses.",['frustrating'],"['good', 'like', 'satisfied', 'fast', 'reliable', 'quality', 'good quality']",1,7,Mixed Sentiment
5399,"Overall 5 Stars for Amazon…I love the… Overall 5 Stars for Amazon…I love the convenience! But this packaging, I give three stars bc I question the waste from the shipping dept. And it’s happened before. Why do they package 2 very small items in a huge box with 4 ft of air pockets?  What a waste!",['waste'],['love'],1,1,Mixed Sentiment
5419,"What ever happened to 2-day shipping… What ever happened to 2-day shipping for Amazon Prime membership?  And why isn't there a link somewhere about the Amazon website to contact customer service?  Why does it take about 5 minutes (not exaggerating) to drill down, answer questions, meet criteria and generally jump through hoops in order to get to the point where you can ask a question of a customer service rep?  I get that its HUGE but does that exonerate them from basic business practices and being available to their customers?  Is it impossible to imagine that there are some questions that can't be answered by the options they offer up in a list?The COVID pandemic wreaked havoc upon society worldwide and created new standards and expectations for and about work, workers, customers, customer services, etc. and during that time it was impossible to fulfill Prime membership benefits like 2-day shipping, but it's long since and they've not yet reinstated the 2-day shipping policy. Go to amazon and look up prime membership benefits and the list includes video and kindle and music benefits but, all of those come with a monthly subscription fee separate from the $139 annual fee for Prime membership.  The shipping benefits listed for Prime Membership reflect two-day shipping on ""select"" items, so perhaps just the ""select"" item list got pared back during COVID and has never been 're-augmented'?Whatever the answer, I'm not sure Amazon prime membership is worth it anymore - certainly not if you're paying for it monthly; but perhaps even the annual membership doesn't make sense?It's rare that I need anything the next day or even two-days later and I'll frequently select delivery on my amazon delivery day, but when I do need something within' two-days, I'm finding Walmart to be more receptive to those needs (and they often deliver the next day AND on Sundays). Me thinks Amazon has gotten too big for it's britches and forgets the trail-blazing they once did only to foist buggy service upon us now. And don't get me started on dropping Amazon returns at a Whole Foods, especially one in NYC  The Upper East Side Whole Foods at 87th & 3rd has a huge Amazon Returns sign with that big smiley swoosh beneath it, so you know you're in the right place, but there's no additional signage to tell you to go to the Mezzanine which is accessible only by elevator (don't take the escalator bc it bypasses the Mezz altogether).","['late', 'never']","['like', 'worth it']",2,2,Mixed Sentiment
5427,It is confusing to analyze if the… It is confusing to analyze if the seller is legit.,[],[],0,0,Clearly Neutral
5431,Amazon is a great company but their… Amazon is a great company but their products are quite expensive,['expensive'],['great'],1,1,Mixed Sentiment
5459,I hope you guys can improve the… I hope you guys can improve the delivery and the customer service; more people need it for their wrong or damaged purchases.,"['damaged', 'wrong']",[],2,0,Strong Negative Language
5535,Why has Amazon suddenly got so… Why has Amazon suddenly got so ridiculously more expensive than the shop. For example by Vileda active mop head £6.99 in Sainsbury's and everywhere else but £11.99 and more tab Amazon!  Shame on you cheat on people,['expensive'],[],1,0,Negative Language
5541,"I like shopping through Amazon but this… I like shopping through Amazon but this last experience might make different choices. Nothing wrong with the purchase process but the delivery really infuriated me. I have 3 doors, front, side and back. Only 2 are used and you can tell side door is never used because sidewalk then street. They had to walk(or drive) by front of house to get house #. Instead of putting it on front porch they placed it on the ground in front of side door, where anyone walking by or driving by would see. Tried to complain at Amazon but there is no where to do it. Amazon needs to hire companies who have better standards for delivery people. Oh the only way that I knew the package was there, delivery person took photo and sent to Amazon, who then emailed me. Package still sat there in plain view for about half an hour. Maybe I should put sign on door - no deliveries at this door please!","['wrong', 'never']",['like'],2,1,Mixed Sentiment
5632,"3/5 Wrong address Reship after all I give Amazon a 3 out of 5 rating due to their affordable product range, which is a definite plus. However, they need to address the issues of incorrect deliveries and improve their reshipping process to provide a smoother customer experience.","['issue', 'issues', 'wrong']",[],3,0,Strong Negative Language
5634,"Enfield Depot needs to get its act together My moan is about the delivery service provided by their Enfield (North London) Delivery Depot.Amazon Tracking states that packages leave their depot around NOON, yes noon.Most of my orders are delivered to my local 'locker' which happens to be within a Post Office which, on a Saturday, closes at 3 pm!!!!! Should I have a delivery to home the drivers have a tendency to tap on the glass in and surrounding the front door (which rarely I can hear), why I have no idea because there are TWO working doorbells which would be impossible to miss.",[],[],0,0,Clearly Neutral
5705,I like the convenience of it but my… I like the convenience of it but my deliveries are constantly being delayed.,"['delayed', 'delay']",['like'],2,1,Mixed Sentiment
5744,"Amazon themselves are not bad Amazon themselves are not bad, but the delivery drivers they hire all seem to be incompetent, I am constantly having packages delivered to wrong addresses, left in unsecure places despite giving explicit instructions on where to leave them, resulting in stolen packages, prime deliveries not arriving next or same day as promised, trying to deliver to a business address that has clearly marked opening hours late evening when it's closed and failing to attempt re-delivery at all iver the following days, I've lost count if how many packages I've had to ckaim a refund on because they simply never arrive, a company is only as strong as its weakest link, and deliveries are a very weak link","['bad', 'late', 'wrong', 'never']",[],4,0,Strong Negative Language
5850,Never order headphones from them It was js terrible,"['terrible', 'never']",[],2,0,Strong Negative Language
5874,just an easter egg.... just an easter egg..... 15.95 on amazon. 3.50 tesco...mmmnnnnnnn??,[],[],0,0,Clearly Neutral
5877,"Amazon might not be losing so many… Amazon might not be losing so many customers if it rolled back its music policy, what a shambles. My Prime membership ends in May and I don’t think it is worth it anymore despite being a customer from the beginning.",[],['worth it'],0,1,Positive Language
5891,the luggage was not as big as they show… the luggage was not as big as they show in checkout phase.,[],[],0,0,Clearly Neutral
5904,its ok when i order something it comes broken im very anoyed;;;;;;))))))))))))))))))),['broken'],[],1,0,Negative Language
5924,Delivery delays and customer service ignoring Constantly requested redelivery of my item and my request was ignored time and time again. My mop arrived 6 days later than planned. Once it came I was very happy with it though so worth the wait.,"['late', 'delay']",['happy'],2,1,Mixed Sentiment
5927,"Amazon I am no longer able to write reviews on any of their products or use the chat for help.  Have to call Amazon (1-800-275-2273) every time I need help with something or have an issue.They said I went against one of their policies but will not let me know what they are talking about, just send a generic e-mail. Cannot talk to anyone in that department also to find out why.We are prime time members been buying books from them for my kindle since they started, we order a lot of items from them, as easier than going to several stores to look for a certain item. Also can get items through them faster usually than other online shopping.",['issue'],['fast'],1,1,Mixed Sentiment
5937,"I used to rely on Amazon so much to… I used to rely on Amazon so much to deliver so fast to me, not I have to order more days ahead, they need to fix their delivery services.",[],['fast'],0,1,Positive Language
5951,Their prices aren't really too… Their prices aren't really too competitive anymore. The shipping has gotten pretty bad shipping through USPS. Common sense says not to ship through such a dysfunctional government run delivery service. I've had packages delayed and even packages not show up when shipped through USPS when ordering from Amazon. When they use their own delivery people and UPS or Fedex there's no problem. But since things get shipped through USPS there's no way to get compensation or any kind of resolution to USPS's incompetency.,"['bad', 'delayed', 'delay', 'problem']",[],4,0,Strong Negative Language
5971,Amazon is getting more and more… Amazon is getting more and more expensive I'm starting to find stuff locally and almost half price used to order a lot from Amazon but lately local has been cheaper,"['late', 'expensive']",[],2,0,Strong Negative Language
6017,"I've been a monthly customer of Amazon… I've been a monthly customer of Amazon for years and have 2 primary complaints about the online shopping service. 1)I gave fare/honest reviews of merch I purchased - mostly an adequate rating, a few bad and a few excellent reviews - but Amazon removed my ability to review for a couple years now without adequate explanation. I feel duty bound to warn other customers about items I've purchased that are advertized fraudulently or defective, which Amazon does not allow me to do. I expect Amazon as a middleman service suffers from conflict of interest when it comes to the various companies for which they brokers, so it censors reviews for the businesses it's too close to, in order to protect its sells. This is siding with these companies that sell substandard merchandise against Amazon members, and should immediately stop. Ever paying Amazon shopper should have an unhindered right to review the items they paid for.2) Amazon listings needs to clarify differences in sizing scale when merch is manufactured in different countries, which it most often fails to do. For example, I cannot tell you number of times I purchased items manufactured in China, according to Chinese sizing scale - which is about 2-sizes smaller than US sizing - without being warned by Amazon. The result being, merchandise That doesn't fit - clothes, backpack, laptop case - I either haveto go through headache of returning, just givaway, or trash.","['bad', 'complaint', 'complaints']",['excellent'],3,1,Mixed Sentiment
6029,"Amazon Prime going downhill I have been an Amazon Prime member for at least 15 years and until the past 6 months to a year, I would have given Prime a 5-star review.  However, the 2-day shipping that used to be reliable is no longer reliable.  I would prefer they lower the cost of Prime and just NOT PROMISE 2-day delivery any longer. I understand we are in difficult economic times but if a company can no longer deliver what it promises, then perhaps it should just drop the service altogether.  In the past, I have paid yearly in advance for Prime (since it was $99/year), but have now switched to monthly Prime subscription because I want to be able to easily bail out if the service gets any worse.  I truly hate to see this happening because Amazon Prime has been a lifeline for me for years...my go-to when I needed something shipped to me fast and reliably.",[],"['fast', 'reliable']",0,2,Strong Positive Language
6095,"Only reliable if sold and dispatched from amazon I have bought many things through amazon with most being delivered. However, I would not buy something if it is not specified to be sold and dispatched from amazon as both times I have the item was never delivered. Customer service is horrible, I was repeatedly told my order was going to arrive and I should wait then eventually told that I was no longer able to get a refund.","['horrible', 'never']",['reliable'],2,1,Mixed Sentiment
6101,"Amazon’s delivery service is decent and… Amazon’s delivery service is decent and legit quicker than other ecommerce in Australia, But the subscription plans are pretty suspicious. I got phone calls from amazon in my personal number which I registered in amazon, and someone said that your prime subscription is turned on (But it’s not) and you are about to be charged 80 dollars for that. I said I am rich, don’t worry about the payment. Then I removed my bank card from the app.",[],['quick'],0,1,Positive Language
6103,"Awful Customer Service Orders arrive fast, but the customer service is awful!",['awful'],['fast'],1,1,Mixed Sentiment
6163,Great company but very confusing Great company but very confusing.  When is an item from Amazon and when is it not.  When can you get support and when are you stuck with no returns policy?That and they are killing mom and pop local stores.,[],['great'],0,1,Positive Language
6188,Cheap price Cheap price. So far not bad.,['bad'],[],1,0,Negative Language
6210,Average customer service Review text not found,[],[],0,0,Clearly Neutral
6277,"Their customer service has declined… Their customer service has declined severely in the last few years. They only solve my problem about 30% of the time now with some struggle when before it was always one and done with very positive experience. Now, not so much...",['problem'],[],1,0,Negative Language
6302,In UK or DE they give big discounts… In UK or DE they give big discounts very often. In the Netherlands almost never.,['never'],[],1,0,Negative Language
6320,"CHANGING YOUR DEFAULT CREDIT CARD I was trying to change my default credit card from Amazon Visa to another credit cared. The site would absolutely not do it. I called customer service and spent one-plus hours on the phone with an impatient, intolerant rep. going over and over the sites and selections I had already tried. It just would not let me enter an alternative credit card. Tonight, I found an agent who stayed with me and found a circuitous way for me to enter my new credit card. She was an angel; the rest of Amazon is an overbearing monopoly which I suspect just did not want me to use a credit card other than its.",[],[],0,0,Clearly Neutral
6342,"Cheap, but sometimes dealing with used products can be a nightmare sometimes. The used listings often don't contain enough info and product overview to give you an idea about the condition.",[],[],0,0,Clearly Neutral
6346,somewhat happy with the resolution. Review text not found,[],['happy'],0,1,Positive Language
6352,"Fees Doesn’t let you remove next day delivery on certain items, find this annoying",[],[],0,0,Clearly Neutral
6367,"Some reliable drivers masked by… They have reliable drivers masked by rude, and drivers that totally dis respect me as a customer. Throwing parcels over or by back gate saying handed to me in person. Yesterday had message saying parcel delivered to my safe place. Not there. Told to knock at doors to find it.",[],['reliable'],0,1,Positive Language
6401,"There is room for improvement. There is room for improvement - but they do a good job in general and it shows in the number of customers. The price increase for prime is a bummer. please introduce a tiered approach - like those who want prime video can pay more, while those who just want fresh can pay a different amount.",[],"['good', 'like']",0,2,Strong Positive Language
6440,"Amazon “delivered” orders that never arrived Some of my orders have never arrived, from different shops and different products. It’s the fourth time in 2 months. I get an email saying that the parcel was delivered, and the status of my order says delivered, however I never received it. I tried a different address and the same happened. Amazon provided me with refund, but it’s being a hassle to buy a product I need and wait for it, when it doesn’t arrive I have to call them just to find out I will not get what I was expecting.",['never'],[],1,0,Negative Language
6452,"I have no problem with my product i… I have no problem with my product i have a problem when a delivery driver has written a LIE,He states he handed the item to the customer!!!!!i was home all day no one rang my bellthe only people to walk in our house was my husband and son who thought i was crazy when asked who was given the coffee. strange looks all round On looking out my front door i found he had left it by our bin(good job it wasn't raining!!!!Tried getting in contact with amazon help!!!no Help i dont want  you to ask  me a question i just want to tell you what has occuredIDONOT LIKE A LIAR!",['problem'],"['good', 'like']",1,2,Mixed Sentiment
6458,Amazon prime Bought some good/bad products,['bad'],['good'],1,1,Mixed Sentiment
6475,IS THERE ANYONE THERE ?.IT WOULD APPEAR NOT. Amazon are streets ahead of the competition and I will always be loyal to them.  However on the subject of customer communication pathways they are last.I needed their help during a difficult period of my life and I just couldn’t get their attention.What do you do with a friend who despite your best efforts continues to ignore you. Yes that person becomes an ex friend. Simply not good enough Amazon.,['not good'],"['good', 'best']",1,2,Mixed Sentiment
6483,Could improve delivery I ordered an important package that was supposed to come a week before it came.,[],[],0,0,Clearly Neutral
6529,The service was good. Review text not found,[],['good'],0,1,Positive Language
6532,"Step up your game Amazon…. Amazon has been good to me normally, but they have their bad parts as well. Like my last delivery was delivered to the wrong address and fortunately I have good neighbors that put it on our mailboxes but I know not everyone is nice like them. This is not the first time it’s happened either, and a few times items were delayed for weeks before they said I would need to reorder! Not cool, but sometimes they offer little rebates but you have to really complain a lot to get them and they aren’t really worth it… all in all I’ll still be buying from them but the could really up their game being as big of a company as they are.","['bad', 'delayed', 'delay', 'wrong']","['good', 'like', 'worth it']",4,3,Mixed Sentiment
6534,"Before you hit the purchase button You look at an item, states overnight delivery.  You go ahead and purchase it then you see delivery not overnight!!! I noticed Amazon now has delivery options and it defaults to “your delivery day” Personally I don’t care about fewer boxes when I expect to get it the next day.  Beware of this!!  Make sure you check the delivery date before you hit that purchase button.  This practice is deceptive.  Is I want the delivery day for fewer boxes I should make that choice.  There has been a few times it hasn’t defaulted to “my delivery day” and there is an option for digital credits but not that often.  So before you hit that purchase button…….Personally I won’t remember to check every time and that’s deception!!!",[],[],0,0,Clearly Neutral
6541,"I did not like the delivery person I did not like the delivery person, he hammered on door and then tried handle, this is really bad.I have a lot of deliveries and I answer my door promptly I do not require  a break in service.",['bad'],['like'],1,1,Mixed Sentiment
6601,"Gaining access to old Amazon account I've been using my Son's Prime account for 5+ years & now need to use my own account.I'm at my wits end after several calls to Customer Service which seems to be someone in a foreign country each time.After I enter my email address in the box, Amazon sends me a numeric code that I successfully enter in a box.  The problem begins here; Amazon asks me for the expiration date of an old credit card that I haven't used in years because it was compromised & closed.No matter how many times I enter my email  & enter their security code, authenticate my address...the program always asks the same question...""what is the expiration date of an expired credit card""!I want my account restored using my email.  The suggestions from support were ""get a new email or use my phone number instead"".  I run my life using a central email & don't want non urgent texts coming to my phone & I certainly don't want Amazon telling me to change my phone number should another issue arise were I to use my phone number.I know Amazon has sophisticated business on the corporate side, but the retail side must know a credit card expiration date to an old expired card?I authenticated all other information correctly.  So my account exists, but is not accessible by anyone?","['problem', 'issue']",[],2,0,Strong Negative Language
6627,"Got a low quality product Got a low quality product, but the refund was fast so I was able to get something better from a different seller, it was stressful experience though.",[],"['fast', 'quality']",0,2,Strong Positive Language
6639,"The customer service is really bad… The customer service is really bad !,the representatives are nasty , not education at all and they don't have knowledege at all , about the company and din't care about the custoner , I think amazon should hire better employees and also better salaries !!, thank you !",['bad'],[],1,0,Negative Language
6647,Important Update Amazon Help Important Update Amazon Help. Desk +1 858 .666 09_43.... Amazon customer service numberAmazon Prime customer service number Amazon Prime support.. Amazon Prime customer supportAmazon customer support number Amazon helpdesk numberAmazon account helpdesk numberAmazon order support helpdesk,[],[],0,0,Clearly Neutral
6661,"Horrible to do business with Over the years I've watched amazon continue onto a decline. They lost my package, and trying to contact their support team was an absolute nightmare. At the end of it all I just sucked it up and moved along. Still, I do love the fast shipping and easy returns",['horrible'],"['love', 'fast']",1,2,Mixed Sentiment
6686,"order not dispatched order not dispatched, very bad delivery time",['bad'],[],1,0,Negative Language
6690,A necessary evil I think amazon are an awful company but due to online shopping being a must for some items you are left with little choice but to use them occasionally.The only good thing with amazon is it is easy to get a refund.,['awful'],['good'],1,1,Mixed Sentiment
6698,"Important update on Amazon help desk Important update on Amazon help desk. Amazon Support 1-858 (666)-(0943),Phone number for Accounts and Billings office is open Mon-Fri at Salinas CA.I have been with Amazon for approximately 4 years. I purchased products as I usually do and all of a sudden my account were on a ""security hold."" This had not happened since I set up the account, which makes sense. Unfortunately for me, customer support would not explain why there was a ""security hold"" on my account when nothing had changed. They just told me I had to wait 8 days to recover my account. Excellent customer support and accountability for what they do with your account.",[],['excellent'],0,1,Positive Language
6737,"Amazon and Customer Support Customer support could be way better, managed to have my refund for a product but it took a while because the support was not able to provide it with enough proof, everything else was okay but that should be something to work on. (This was something related to Amazon Prime)",['late'],[],1,0,Negative Language
6774,I like this platform but delivery is not the best I like this platform . It’s easy to use and it keeps you updated . The problem sometimes comes from delivery . Some delivery persons don’t follow instructions and leave packages unintended on the floor were all passbyers can take package and steal it . It started to happen more often .,['problem'],"['like', 'best']",1,2,Mixed Sentiment
6786,"Late, torn open or even empty packages I've been a prime member like forever. This past year, numerous orders have taken a week or longer, when said to be delivered within 2-3 days. Some I was able to cancel, others could not be cancelled. Also, more and more packages are damaged or torn open. I even received one order (vitamins) where the envelope was EMPTY and looked like it was never sealed. It's been pretty aggravating...","['damaged', 'late', 'never']",['like'],3,1,Mixed Sentiment
6807,Prices are much higher than usual Review text not found,[],[],0,0,Clearly Neutral
6808,"Wonderful platform Wonderful platform, Brilliant service provider.  I’m a Fan and it’s worth every penny! Always receive items the next day. Very efficient! This is the only delivery service that I can count on as have been let down by others this Always.",[],['wonderful'],0,1,Positive Language
6838,Fraudsters Have put one star back for Clarissa the only agent who cared and wanted to make things right. After id been online constant for over 4hours being palmed off to next agent she pleaded with me to stay on and she would make it right. So took 5 hours in total but she did true to her word as I found on waking up this morning so she deserves a raise but the rest of the team CS And Co can rot. And I've well and truly been put off buying other items I had intended too Awful customer service with foreign call centres and chat finally corrected by a Amazing clarissa as stated above after a very long time of needing help,['awful'],['amazing'],1,1,Mixed Sentiment
6842,"Prime shipping not what it used to be. I have been a Prime customer for yers and have always had a pretty good experience up until the last few months. More times than not when I select a product it will give an estimate of 1-2 days on shipping, but once I pay for the item and it gets shipped, the shipping time changes from 5-8 days. Shipping has become unreliable, and the delivery people do not follow deliver instructions at all. I even have video recordings from my doorbell cam of them making rude comments when dropping my packages. It is almost pointless to pay for Prime for the purposes of faster shipping.",[],"['good', 'fast', 'reliable']",0,3,Strong Positive Language
6900,Amazon is great Quite pleased to say… Amazon is great Quite pleased to say that my deliveries have improved recently due to multiple complaints I had. So far I'm very happy and have used this company on a regular basis recently. I hope my deliveries will keep improving and that couriers will read the instructions that they are given.,"['complaint', 'complaints']","['great', 'happy']",2,2,Mixed Sentiment
6915,"The present I ordered for my wife was… The present I ordered for my wife was supposed to be delivered today but I was not able to receive it as I was not sent the security code which was required. It may have gone to an old email address and I have been on the chat line trying to register my current email address. However, I am getting no response to my request and I need the delivery by tomorrow art the latest. How do I make real contact with anyone at Amazon to get a simple answer",['late'],[],1,0,Negative Language
6962,"Can't be candid.. restricted honest appraisals.. no free speech allowed Product purchased was OK. But. Amazon likes to fill your email box with demands for reviews.  Quite a nuisance, so I did.. and my review was rejected as ""not in compliance"" all I noted was the item bought was ""OK"" but not as good as others for same price. Political correctness? perhaps. If they don't want honest albeit free speech... appraisals then stop asking for my opinion.",[],"['good', 'like']",0,2,Strong Positive Language
6966,"Amazon Amazon's drivers act on their own accord, and getting your package is not a given. Though it should be. Amazon's website is complicated, but overall it isn't terrible, but they do have things to work on",['terrible'],[],1,0,Negative Language
7050,"They are safe and efficient Perhaps I… They are safe and efficient Perhaps I have been fortunate but I have never had anything but good service from Amazon,their drivers have invariably been courteous and helpful.",['never'],['good'],1,1,Mixed Sentiment
7069,Been a bit delay recently but guess… Been a bit delay recently but guess just near the Christmas.,['delay'],[],1,0,Negative Language
7074,Charge to track my parcel Went to check the tracking of a parcel and found I had to pay £1.50 to download app to check where my parcel is. This is ridiculous!!!,[],[],0,0,Clearly Neutral
7078,CUSTOMER CARE NO @07365015018@ CALL NOW… CUSTOMER CARE NO @07365015018@ CALL NOW ANY PROBLEMS SOLV MOST HELPFULL,"['problem', 'problems']",[],2,0,Strong Negative Language
7192,I pay for prime however not getting value I pay for prime. However I am sick of these Chinese sellers seaping through they say they are UK based but that isn't true! Have to wait ages for items to arrive from China which isnt stated on the onset. This is dishonest to some degree. After orders the time frame often changes to longer. This is not the reliable Amazon I started out with.,[],['reliable'],0,1,Positive Language
7231,"I use Amazon a lot I use Amazon a lot.  Every month I'm ordering stuff, usually more than once.  Products I order usually get to my apartment fairly fast, and I usually get free shipping by spending over $25 at a time.  But their Web pages could be designed a lot better.  Sometimes important information is hard to find, or completely missing.  Sometimes one Web page is for several different products, but the reviews for these different products are all mixed together.",['missing'],['fast'],1,1,Mixed Sentiment
7248,"Knock, door run delivery drivers This review is about the delivery… This review is about the delivery drivers, I must say I’ve absolutely no issues with Amazon itself, the products or communication.Why do the delivery drivers advise ‘ parcel handed to customer’ when they literally play knock door run?……we’ve had 2 lots of parcels delivered both stating that it was handed to customer, one of which our camera picked up an opportunist thief, who came onto the drive and helped himself ( I now have to wait until 17/12/22 for a replacement, Amazon didn’t question and delt with it the best they could, but why should the seller loose out ?…by having to replace it ? …)… yesterday another 2 parcels were just left on the doorstep in full view of passers by, again the same comment that it was handed to the customer….. please sort the delivery drivers out, get them to take an image of the handover or they should be the ones to loose out.","['issue', 'issues']",['best'],2,1,Mixed Sentiment
7355,Excellent in some ways not in others Excellent. The prime fee is well worth payingFree next day delivery on many things Free films although I've one one niggle. Not all are free on prime I looked for a film over 20 years old And although I pay for membership they want £5.49 extraI found it elsewhere on DVD for £1.99Ordered it. Now it's mine to keep foreverI never pay their silly prices for film service I already pay for,['never'],['excellent'],1,1,Mixed Sentiment
7364,"Advantages outweigh the disadvantages For me the advantages favour me to shop here but the place is far from perfect. The customer service, when an issue arises is low rate. You will be speaking to staff from India and they have know idea how to address a normal conversation which makes the entire experience an absolute waste of time. Away from that most of it is beneficial. Being in the City Centre Amazon performs well. Although the live tracking sucks. In 2022 you know customer service is almost non existence and everything is heading in a way to become less interactive with humans. But it’s probably the better service compared to the rest that’s out there. It’s classic consumerism consuming us. Spend with care, it will always get worst not better.","['worst', 'waste', 'issue']",['perfect'],3,1,Mixed Sentiment
7389,"ecommerce powerhouse Since i live in Berlin, next day delivery is not a promise anymore.Just judging on the ecommerce experience Amazon ist best-in-class.Judging amazon as a cooperation... well...",[],['best'],0,1,Positive Language
7425,"I do like amazon because its easy to… I do like amazon because its easy to return goods , I've only ever had one issue when returning an item where the staff didn't scan it in to say it return so I'll get my refund. Most the the time a lot of orders people make is down to the seller on amazon but amazon get the blame for everything. I do enjoy amazon and how easy it is sending stuff back through them.",['issue'],"['good', 'like']",1,2,Mixed Sentiment
7439,"Generally good, but with some concerns... The general convenience and delivery service I've received has always been great. Though I've had two separate issues with being able to leave reviews. The first was I was randomly not allowed to do so. The second was that a review had been taken down with no more than a vague explanation, and a link to all their rules, which isn't helpful for letting me alter my review to follow reviewer standards. This also makes me concerned of the validity of customer reviews and how they're filtered though.I also spent a while seeing if I could reach customer support without either calling, or being in active conversation with them and no luck. Can't stand companies that intentionally make it difficult to contact them.","['issue', 'issues']","['good', 'great']",2,2,Mixed Sentiment
7445,"Amazon books orders Amazon books orders. Mostly acceptable service from Amazon. However, oftentimes you get slightly dog eared edges to your ordered new book corners. This seems to be quite common showing lack of care in their handling of the books prior to or during picking or packing out of the order. This is slightly annoying. Overall delivery is good. Selection of US published book titles very good. Better probably than Waterstones or Book Depository too. Ordered were Krav Maga manuals titles and instructional all region DVD. I also benefited from a free offer one per customer of five pounds off my books order.",[],"['good', 'very good']",0,2,Strong Positive Language
7469,"Helpful update for Amazon@US Helpful update for Amazon@USPhoneSupprt@Amazon, US Office at San Diego, California timing 10AM-7.30PM+1858 (842)-(9959).Phone number is for Account & Billings.",[],[],0,0,Clearly Neutral
7514,"My experience with a missing item was… My experience with a missing item was really frustrating, for days nothing happened they didn't even took my case serious. Then day after day I annoyed the hell out of them. I wrote them multiple times a day while complaining. I contacted the delivery company which is in my eyes partly responsible. They ignored me for whole 7 days. I also did contact the manufacturer but Amazon still didn't really feel the pressure. So I decided to annoy again and again and again and again until I had another idea. Let's just directly mail Andy Jassy the ceo of Amazon which I did next. I did mention that in the customer support chat and 10 seconds later I got reconnected to someone from problem prevention or something like that and then I explained to them everything again and then 15 min later I'm not even joking they organized a replacement order just like that. Finally!!!!!? But I have really mixed feelings about all the hassle you have to go through first until you mention Andy Jassy and suddenly everything goes really fast. Don't know how to feel about that hence the 3 stars. You should be like that without that I feel I have to pressure Amazon in such a way and annoy them until something is happening. Being relentless paid off but shouldn't be necessary to be honest","['late', 'problem', 'frustrating', 'missing']","['like', 'fast']",4,2,Mixed Sentiment
7604,"Miss delivered Miss delivered, but customer service was great and resolved the issue. Thanks.",['issue'],['great'],1,1,Mixed Sentiment
7687,"I decided i will start having my… I decided i will start having my parcels delivered to my fiancee's address because when I'm not there I have been receiving emails from Amazon saying they have left my parcels with a neighbour who has opened a parcel in the past who I said on the delivery instructions not to leave my parcels with and i told them to give it to s different neighbour if I wasn't in,my other neighbour gets the parcel off her but in future my parcels will be going to my fiancee's address, I can't deal with it anymore this person getting their hands on my parcels, apart from that they are a good company.",[],['good'],0,1,Positive Language
7720,ordered and didnt arrive but customer… ordered and didnt arrive but customer service refudned me instantly.,[],[],0,0,Clearly Neutral
7771,"Have used Amazon primarily for 80% of… Have used Amazon primarily for 80% of our shopping. Over all very satisfied. However post pandemic and even last year their service, their products and their reliability have all greatly declined. Very disappointed and startubg to rethink my choices. The customer service representatives read fromA script can’t seem to grasp basic statements. Having to call dispute a fee  or try to obtain missing packages is becoming a constant occurrence.","['disappointed', 'missing']","['great', 'satisfied']",2,2,Mixed Sentiment
7812,"Try to buy locally before resorting to Amazon +can buy items you can't buy locally+if you have a prime membership prime video is ok'ish and sometimes good.-prices usually 2x to 10x, and sometimes even 100x the going retail value-Defective products other people have returned are resold as new while still defective-Products that are only supposed to only be sold sealed and sterile are resold open and unsterile after people have returned them.-Amazon sometimes prevents critical reviews such as when I bought a Amazon's Choice dash cam and wished to make a mixed review (it was super inexpensive but also had flaws like the image being flipped so it looked like you were driving in England instead of america.) but when trying to review i get the message:""Amazon has noticed unusual reviewing activity on this product. Due to this activity, we have limited this product to verified purchase reviews.""despite it being a verified purchase of mine",['expensive'],"['good', 'like']",1,2,Mixed Sentiment
7813,I requested an invitation to buy and I… I requested an invitation to buy and I have not been sent a link yet. It’s been more than a month…,[],[],0,0,Clearly Neutral
7833,Delivered on time but usually just dump… Delivered on time but usually just dump it on doorstep,[],[],0,0,Clearly Neutral
7836,Amazon customer care… Amazon customer care toll free number...63-721-31-202//..all tipe service available teamFull refund issue helpline team call now..6372.1312.02.. Full information about service team.....@@,['issue'],[],1,0,Negative Language
7850,"Amazon has stopped trying Amazon uses third party sellers which may or may not honor refund request. Recently, I cancelled an expensive lighting fixture order, but the company sent it (after Amazon sent me a message saying the order was cancelled). I have been trying for almost two months to get a return label for a $500 item. Additionally, today, I received a NextBase 422GW car dash cam instead of a 622GW from a third party seller. This was a birthday gift for 9/22. My son helped me drive his birthday gift to an Amazon locker for return. The seller sent an old version at the new version price. And, last week, Amazon Warehouse delivered a microwave upside down with broken foam that was hugely dented inside and out for a small markdown. It looks like trash and cost $300 with tax. Now, I have to repackage this heavy item and bring it to UPS and go without a microwave, or reorder through Amazon (rewarding incompetence). Amazon has good infrastructure (fast delivery, return lockers at third parity locations). It undoubtedly has greased some palms. Amazon has cut out its competitors, who now sell as third party vendors. Amazon is now careless. Yesterday, packages were thrown across my driveway to run over.","['broken', 'expensive']","['good', 'like', 'fast']",2,3,Mixed Sentiment
7853,"The Amazon Company has not met its commitment The Amazon Company has not met it's responsibility to it's customers. Many of it's products, that used to be delivered in just two days are taking weeks. When you pay an annual fee, you expect promises to be kept!Amazon is also led by an ultra liberal person. It's offering and management of employees reflect that. It sheds a negative aspect of it's very existence!",[],[],0,0,Clearly Neutral
7915,"call Amazon customer care (9932)-441554.m How to call Amazon customer care (9932)441554 toll free numberI ordered a photo frame from amazon. The seller's name is For the first time, I didn't confirmed the photo to seller, because I was busy in some work, and amazon cancelled my order. I placed the order second time and I received that order. Buk.",[],[],0,0,Clearly Neutral
7923,"Impossible to ACCURATELY search MADE IN USA I've been a customer for a long time, and I will probably keep ordering from them - but not as much as before.For the first time, I wanted to find just products made in the USA.  I want to order some shallow bowls, like pasta bowls - and I don't ever by any dishware made in China.  I heard stories a long time ago that they aren't as careful in regulating the dyes & other ingredients used in dinnerware.  We've all heard about the poisoned dog food from China that killed a few people's dogs.  And the worst was the tainted baby formula that killed Chinese babies.  If they don't care enough to protect their OWN children, then you know they aren't checking too carefully.  I see no way to reliably search for products Made in the USA.  I did find what claimed to be a ""Made in the USA"" section.  Then I typed in dinnerware, and it returned the same dishware that I already knew to be made in China.  Sweese was a brand that came up in Made in America.  And it is clearly Made in China.  And it's so time-consuming.  You have to drill down to the ratings, then search questions to find the info.  After 10 tries in a row with zero results from the USA, I gave up and headed over to WALMART where I was easily able to find what I needed.",['worst'],['like'],1,1,Mixed Sentiment
7952,I guess I like their variety of… I guess I like their variety of options. But sometimes I tend to recieve products with so-so quality,[],"['like', 'quality']",0,2,Strong Positive Language
7967,"Same as literally every other person on here, absolute garbage!! There is literally no customer service here, you pay for ‘prime’, order a ‘prime’ item. They take your ‘prime’ payment and then don’t deliver according to the ‘prime’ delivery timescales- WHAT’S THE POINT????! I may aswell go Argos for the same price and save myself the head ache of speaking to these half wits and save myself £7.99 a month for NOTHING! Literally thanks for nothing Amazon.Update 11/09/2022, Amazon have given I £5 credit on my account for the inconvenience which goes some way towards building my confidence and trust for the company.",[],[],0,0,Clearly Neutral
8002,Customer support going downhill Customer support going downhill. Kind of tired of talking to people overseas who can't vocalize. Selection still great and delivery quick and cheap.,[],"['great', 'quick']",0,2,Strong Positive Language
8028,"I had an overall good experience with… I had an overall good experience with this website, but their customer support team made me rate like this my experience.",[],"['good', 'like']",0,2,Strong Positive Language
8050,"WHY YOU DON'T FIRED THIS GUYS WORKING… WHY YOU DON'T FIRED THIS GUYS WORKING FOR AMAZON !!!!????   I enjoyed buying things from Amazon, but now , no more. I'm even afraid to make more orders , because they still the packages after they take de picture and lately they delivered my orders to the other neighbors door. After that you have to spend time making phone calls  to complain about it. I'm tired and afraid to make more orders. THANK YOU ,",['late'],[],1,0,Negative Language
8099,"Prime, only any good for deliveries. Delivered from the Amazon warehouse I find Amazon generally supplies good customer service, good prices and deliveries. However, the continual tricks used to trip people up when placing orders, making other methods of delivery (such as choosing prime) so bold and prevalent and presenting things in a confusing manner very frustrating.Prime, is only any good for deliveries coming from Amazon itself. Music, TV and other services are only given to tempt you to pay more to see the rest of the TV series or the music track you really want to hear. Take music for example. Amazon music is free with advertising, to a degree. Then you have music prime with no add’s. But to get the full Amazon music, you have to pay again. No thanks Amazon.",['frustrating'],['good'],1,1,Mixed Sentiment
8143,"Overseas purchases Amazon needs to clearly display when items are being shipped from countries outside the USA. In most cases it takes an extended period of time for overseas purchases to arrive, and it is extremely difficult to return the items and get a quick refund.",[],['quick'],0,1,Positive Language
8197,All you need when you have a new born… All you need when you have a new born baby,[],[],0,0,Clearly Neutral
8241,"Amazon needs to learn to get back to the people who buy products I enjoy shopping at Amazon. Have shopped there for years. I recently have purchased a lot of items to replace what was lost in a flood and have been asked to review the items. I am assuming one seller did not like my review because after I wrote it, Amazon has deleted all of my reviews since day 1 and won’t allow me to review anymore. I’ve written them at least 6 times asking them to provide me with the reason why this happened. I’ve gotten no response. It’s been two months. They still want me to rate there delivery drivers though which I refuse to do now. I’ve spent at least 30 grand in less than 4 months. And they chose to do this over a 20$ item that was horrible.  It’s not as if Amazon is cheaper. It’s a convenient service. But if they don’t want real reviews they need to not take any reviews or pay for false reviews imho. This makes me think Amazon is not as up and up as they say they are.",['horrible'],['like'],1,1,Mixed Sentiment
8302,"After many years a loyal Customer it… After many years a loyal Customer it has now come to the point had enough of poor customer service.Ordering and delivery is excellent,but anything goes wrong with a appliance after thirty days it’s a uphill battle.Remember your contract is with Amazon ,not the manufacturer,but Amazon keep telling its not there problem.If it’s a third party ,then just give up as Amazon are not interested.There’s no way to complain , all emails that used to work bounce ,the agents won’t let you complain.So as soon as my refund that I’ve been waiting for 5 week arrives , if it ever does ,I’m closing my account.","['poor', 'problem', 'wrong']",['excellent'],3,1,Mixed Sentiment
8326,Amazon delivered my package on the… Amazon delivered my package on the wrong porch! 😤 Now I have to go next door and look like a PACKAGE THIEF!! 🤦🏽‍♀️,['wrong'],['like'],1,1,Mixed Sentiment
8430,"Amazon is Ok Amazon is Ok, but it has some problems, and there are things that I don't like about this company. One time, I ordered something on Amazon, but my account got locked up for some reason because Amazon thought something suspsious is going on. I was able to unlock it, but it was a big hassle to unlock. I also had to call Amazon Customer Service. I also don't like how you can't order with paypal. I read that Amazon workers are working very hard and get paid very little, which is why one of the reasons I try to ignore Amazon. It's a very big company though, so it should be expected. I also one day ordered an item, but it did not arrive, but Amazon helped me. Overall, Amazon is ok, but try to avoid it if you can.","['problem', 'problems']",['like'],2,1,Mixed Sentiment
8530,Good for the most part but customer… Good for the most part but customer service can be completely hopeless to absolutely wonderfulJust hope you get the right end of the stick if the rare occasion arises you have a problem with an amazon product or 3rd party seller,['problem'],"['good', 'wonderful']",1,2,Mixed Sentiment
8567,"Fake reviews ruinrd it for me Prime member since the beginning. Loved shopping and customer service. Starting about a year ago a lot/majority of reviews seem to be fake.Search function has major issues! If you select sort ' low to high"" for one item it shows over 2000 results instead of 1400. I use other sites to research items and often from other sites too..Amazon was great...was...not is...","['issue', 'issues']","['great', 'love', 'loved']",2,3,Mixed Sentiment
8651,"Amazon used to have international free… Amazon used to have international free shipping at the bottom to norway, is there any even tax on books in norway i can't remember",[],[],0,0,Clearly Neutral
8653,"Your delivery staff are rubbish Your delivery staff are rubbish, they just throw packages into porch and walk off leaving porch door open.This is a repeat complaint and you do nothing about training. They are all THICK AND USELESS","['useless', 'complaint']",[],2,0,Strong Negative Language
8678,It could be worse! Review text not found,[],[],0,0,Clearly Neutral
8681,orders always cancelled or dealyed. Review text not found,[],[],0,0,Clearly Neutral
8703,"Generally okay in my experience Generally okay in my experience. My only real issue is the stupid ""Try now pay later"" Wardrobe system. They took money out of my account instantly and i was told it would be refunded within 5-10 days. What is the point in the system if i'm just going to be charged straight away? I'm not gonna use the system if i had the money to pay for it there and then, am i? If i wasn't to be refunded until the 10th day then i'm effectively paying for the product twice until the refund is issued. The scheme, to me, just sounds like I'm giving Amazon a small loan. Bloody stupid.","['late', 'issue']",['like'],2,1,Mixed Sentiment
8786,"Respawn in Africa rlly mad🍆🍆🍆🍆 My man besos sent me a 18 inch vibrating tentacle, kinda sus I try it and it then inserted some liquid in me, I fall to the truck I died and respawn in Western Africa and lost all my endgame gear I’m disgusted I have to fight the last boss again ffs will not shop here again pls like",[],['like'],0,1,Positive Language
8802,"I made an order online to buy some… I made an order online to buy some extension cables for my house. The delivery time I was promised, was extended by two days, so I did not receive my cables on time and when they arrived I left the country for a business trip already. I ended up receiving the cables and I am happy with the way they work, so nothing to complain about in that regard.",[],['happy'],0,1,Positive Language
8804,"Amazon Electrical I recently bought a monitor on Amazon, it was marked as A rated for energy consumtion. Little did I know this was on the old classification and and when it arrived it was rated F. I would not have considered it with that rating so until Amazon get all the ratings for outside sellers corrected I would reccomend checking the manufacturers website.I kept the monitor because after speaking to the seller, I was satisfied it was not their fault. I wrote a review for Amazon but it may not have been accepted by them as it was critical of them.",[],['satisfied'],0,1,Positive Language
8821,I am living in the uk and I have a… I am living in the uk and I have a British bank account as well as German account because I have moved 5 years ago to the UK. It is not possible to send from a German Amazon account or 🇬🇧 account anything to my family and friends. All payments declined even i have enough money on the German and British bank account. I guess thank Boris! Or What?,[],[],0,0,Clearly Neutral
8938,nice experiment Review text not found,[],[],0,0,Clearly Neutral
8944,"A waste of time A waste of time. They make it impossible to reach customer service. I rejected a purchase that was sadly lacking. I shouldn't need to heat up a knife to cut through butter. Amazon says return to UPS. It came USPS. They didn't want to take it because it was opened. No way to communicate with the seller or Amazon to rectify the problem. A bad situation, frustrated by a bad selling/buying platform. I'll stick with eBay even though they've gotten worse over time. @least you can communicate with the sellers.","['bad', 'waste', 'problem', 'frustrated']",[],4,0,Strong Negative Language
8969,"Used to be 5, now, not so much. I have been an Amazon customer since the mid 90's. I don't expect any company to be 100%. Amazon is so big now they just aren't trying. Kindle software stinks the past year, customer service is unavailable, and no one in charge cares further than the stock price. I was a huge fan. Now I am looking for the competition.",[],[],0,0,Clearly Neutral
9016,So I’ve been ordering from Amazon for… So I’ve been ordering from Amazon for years and when they say your package is arriving or it’s going to be delivered then that’s what it is. So today 3/6/22 is the first day that Amazon’s employee lied. I had a package that was suppose to be delivered today and it gave the estimated time frame. For me to get a notification stating that it was delivered and I received nothing is confusing. Then I go to the Amazon app and it says that they handed to the resident (ME). So now I’m really confused because how did you hand it to me and I’m not home. Nobody is home and I have a ring camera and I have no footage of anyone delivering anything. So now I’m very very skeptical of ordering anything from this company again. If you have workers lying saying they delivered it and they handed it to the purchaser and didn’t that’s very bad business. Like where in the heck is my package? Amazon this is the last time you’re gonna get my money.,['bad'],['like'],1,1,Mixed Sentiment
9039,Alright Wouldn’t buy any branded clothing off of here because it’ll turn out to be either very poor quality or fake. However everything else is spot on,"['poor', 'poor quality']",['quality'],2,1,Mixed Sentiment
9040,good items not happy they charge you… good items not happy they charge you for p&P,['not happy'],"['good', 'happy']",1,2,Mixed Sentiment
9081,"Top notch service and outstanding… Top notch service and outstanding customer support, they treated me VERY well even though i'm quite unexperienced within this field. All in all, 5 out of 5!",[],[],0,0,Clearly Neutral
9082,"Tsop notch service and outssstanding… Tsop notch service and outssstanding customer support, they treated me VERY wwell evesn though i'm quite unexperienced within this field. All in all, 5 out of 5!",[],[],0,0,Clearly Neutral
9083,Amazon has changed for the worse! For a long time Amazon was number one with me. I have been a prime member for years. Returns used to be practically guaranteed on anything I purchased.I shopped with confidence. Lately its like they've been taken over. Customer service has actually stooped to telling outright lies. I was accused falsely of returning an empty bottle once they wanted me to prove my innocence. That ended up meaning a loss for me. Recently an agent told me a refund was processed but it never was. I have also gotten used to late deliveries. Its sad to see Amazon go downhill.,"['late', 'never']",['like'],2,1,Mixed Sentiment
9084,not bad you cam still buy from amazon Review text not found,['bad'],[],1,0,Negative Language
9109,Atleast mr Besos is going to space now. Review text not found,[],[],0,0,Clearly Neutral
9174,I purchased a Nespresso machine from… I purchased a Nespresso machine from Amazon. The machine was faulty.Amazon replaced it for new one . After arranging 2 times to have the old one collected no one came to pick up the old machine. After calling Amazon they agreed I could keep the old machine . But to then a couple of weeks later to take payments for new machine . Leaving me with fees to pay because my account didn't have enough to money to pay some bills.They gave me £10 credit to use for Amazon a purchase.But doesn't help with my fees outstanding on my bank account. I'm not happy.,"['late', 'not happy']",['happy'],2,1,Mixed Sentiment
9312,"Love/Hate Amazon Relationship I have a love/hate relationship with Amazon. I order from them all the time, especially the last few years because it is easier than having to go out and search our local stores for particular items, that often times are not in stock or simply not available where I live. I have also often searched for other online stores to purchase items from but rarely do I find one where I can get free shipping and a lower price. So, though it pains me to do so, if I need to place an order for certain items, I shop on Amazon. That being said, the customer service I personally have received has been pretty awesome, the majority of the time. The key is NOT to buy from a third party seller, as that is a huge headache, in my own experience. Also, you cannot write a review that directly complains about Amazon because they will not ""approve"" it. Which is ridiculous because we all know that Amazon has gone way downhill since the early days. However, that being said, it is possible to get a refund, make a return, and get your money back if you NEVER receive your package. It is a bit of a pain in the a** but it can be done be done. What it takes is patience, persistence, and knowing how to navigate the system. I recently was given a large gift card credit to spend simply because I had such an issue with shipping and it was days past the time my package should have arrived with an item that was an 1/8 of the price of the credit I was given. I used a gift card to purchase it, so I was happy with that. I am the person who manages to get my refunds AND I often get my items for free because I do NOT take NO for an answer. I am polite (for the most part), kind, calm and I do NOT give up. I have experienced many problems with shipping, missing items, items delivered to the wrong apartment, poorly made items, poorly packaged items, products not arriving on time,etc.etc. And each time, customer service has taken care of me. Sometimes it takes more than one phone call and asking for a supervisor, explaining the situation over and over again, but in the end the result is in my favor. I actually fill out the survey the customer service agents email me after the phone call. I am honest and thorough when I fill them out and I praise those exceptional agents who go the extra mile for me, as I appreciate excellent service, as I have been in there shoes in the past. However, if I can find an alternative to shopping at Amazon that also offers free shipping and lower prices, I take it. I would love nothing more than to not have to order another item from them. Obviously, the company treats their employees like crap, the quality of many of their products is merde, they often price gouge, many of their reviews are bogus, the packages are usually not packaged properly or poorly packaged, returns have become a huge pain, many third party sellers rip people off, it can take longer to receive refunds and reviews have to be approved(utter.bullsh**.) Jeff Bezos is making money hand over first, while not paying the amount of taxes or any at all on the billions of dollars he has made and not caring one iota about his employees or his customers. This is what happens when we end up with monopolies and extremely few options available to us. My goal this year is to buy less, continue to search for other online businesses to shop from (especially local ones) and continue to vote, sign petitions and work towards changing the current status quo.","['poor', 'problem', 'problems', 'issue', 'missing', 'wrong', 'never']","['excellent', 'awesome', 'love', 'like', 'happy', 'quality']",7,6,Mixed Sentiment
9342,"Android App.  ADD ""Sort Price: Low to High"" Android App.  ADD ""Sort Price: Low to High""You do a great job of offering your customers' many useful options, a thinly veiled effort to increase your bottom line.  Add this feature to your Android App (""items under $25"" is very far from Sort Price: Low to High) and your customers will increase your bottom line even more. Thank you",[],['great'],0,1,Positive Language
9347,"Prices are still good but service going… Prices are still good but service going downhill. I've used Amazon since late 90s and appreciate many of their innovations. The last four years, I've become increasingly frustrated with inability to contact a human when things go wrong. Items used to be well protected from damage but that stopped about ten years ago and is only getting worse. My goal for the new year is to transfer all purchasing to other sites that still provide excellent customer service and not just 'cheapest'.","['late', 'frustrated', 'wrong']","['good', 'excellent']",3,2,Mixed Sentiment
9351,"Amazon has really dropped the ball Amazon has really dropped the ball this holiday season. The app sent an alert about a package being delayed with no expected delivery date. Upon contacting customer service, I was told it would be delivered on time. When it wasn't delivered, I aain contacted customer service to be told it would not be delivered until 4 days after Christmas.  I requested a refund at this time and was offered a promotional credit for the inconvenience.  I then contacted customer service because the promotional credit was not showing on the account only to find out the credit is only usable if I find and purchase a product sold by Amazon specifically (not a vendor of Amazon). So purchase something I may not want just to use a ""credit"" applied? In other words, give Amazon my money. Getting pretty tired of the bad business with Amazon.","['bad', 'delayed', 'delay']",[],3,0,Strong Negative Language
9425,"DECENT Meh, it really wasn’t great, products came but it was missing pieces, I use it a lot and 1/2 the stuff is always wrong, only good thing is the delivery time","['missing', 'wrong']","['good', 'great']",2,2,Mixed Sentiment
9440,"Find alot of items overpriced Find alot of items overpriced, claim to give you free delivery if you are an amazon prime member but actually it comes in the price of items. Will block you from reviewing their products without an explanation. Given 3 stars as they do deliver next day or when promised. some items can be awkward to return if not up to satisfaction.",[],[],0,0,Clearly Neutral
9467,Terrible deliverys I have been trying to get hold of amazon one phone number they give dosent exist I live in a block of flats and they are given the code to get in but the lazy driver opens the door and throws all the parcel just inside for anyone to take one of mine was left out in.the pouring rain i was lucky because my next door neighbour saw it and gave it to me before it got to wet at this time of year they should be more careful.where they throw parcels,['terrible'],[],1,0,Negative Language
9538,I'm trying really hard to be fare but… I'm trying really hard to be fare but the more mess ups the harder it gets. Delivery of products have become hit or miss. The quality has been fairly good when I do get them. My main issue is the refund process for items that I dont get delivered. It is time consuming and they are extremely picky on the way you reply. I should not have to jump through loops to get my money back. I really wish they would make it mandatory for drivers to take a pic of every delivery left. There needs to be a better way for drivers to confirm delivery address or they need to stop being lazy and actually pay attention to what address they are at.,['issue'],"['good', 'quality']",1,2,Mixed Sentiment
9544,"Yeah Yeah, they kind of took over the world, right. They do fine. Not great or spectacular, fine.",[],['great'],0,1,Positive Language
9558,"Why Amazon For the most part, I love Amazon. They are good at contacting you on FaceBook because they have blocked my reviews and wanted to know how I can fix that. They were very nice and quickly respond to me on Facebook but they told me to try and fix it with customer service. You try to go to the contact us page and you just get sorry something went wrong on our end. No popup chat no phone number. Verry disappointed 😥","['disappointed', 'wrong']","['good', 'love', 'quick']",2,3,Mixed Sentiment
9609,Amazon in se è top ma la sua assistente… Amazon in se è top ma la sua assistente clienti fa pena è davvero una vergogna,[],[],0,0,Clearly Neutral
9638,"There is always something wrong with… There is always something wrong with Amazon.Starting from out of date food delivery, subscriptions with rising prices with every delivery.Ending on a useless document verification system, which is unable to verify documents accepted by ANY OTHER BRITISH company.That's why I quit my Prime membership after 6 years.","['useless', 'wrong']",[],2,0,Strong Negative Language
9650,"Please stop collaborating with Airmee… Please stop collaborating with Airmee in Sweden. They never deliver on time, and whenever I ordered a product from Amazon, I end up with local delivery with Airmee without my consent. They failed to deliver such time-sensitive items as medical products or a birthday gift, even when I paid an additional fee to Amazon to ensure fast delivery.","['failed', 'never']",['fast'],2,1,Mixed Sentiment
9672,"They want every penny you have I have been having the worst experience on Amazon. First, I paid for a 75 dollar controller that was supposed to be brand new. The controller turned out to be used and the code that came in the box was already redeemed. Now I just subscribed to prime thinking they will charge me at the end of the month. That was a farce because they just took 15 dollars out of my account within 5 minutes. Customer service told me it will be 3-5 business days until I get a refund.",['worst'],[],1,0,Negative Language
9679,"Good service but full of scammers Prices are good, and I've had good experience with customer service. Whenever I had an issue, they just refunded, no questions asked. Overall I'm happy with them.The problem is the purchasing experience and scammers. The web UI can get very confusing, mixing new and used in the same page, sometimes a single listing is from a certain buyer, sometimes there are several, and so on. Can get lost easily.A big issue is with scams/fake reviews. Lots of listing are full of reviews for a completely different product. Sometimes the same listing includes different products, and others the seller switched products and kept all reviews. Very hard to tell which products are good or bad based on that.","['bad', 'problem', 'issue', 'never']","['good', 'happy']",4,2,Mixed Sentiment
9733,Unfair treatment Hello my name is mike green I am contacting you because I have been dealing with multiple issues at my amazon facility in am currently a level 1 employee at las 1 henderson nv.I am a very motivated associate who is eager to learn and grow in this company.I have spoken to many floor managers that I would like to be enrolled into any and all trainings/classes that would help me advance my career. My managers tell me they submit my tickets I check in with learning and nothing ever seems to exsist on my behalf. I am one of the most efficent and hard working employees in las 1 dock receive. I always take the initiative to do what needs to be done without being told I drop whatever im doing  instantly when a manager needs me to do something. And yet employees that do not work near as hard as I do get enrolled in classes and receive promotions to pg or pa. I was told hard workers in this company have many chances and ways to advance but I have not been given any opportunity.I have discussed all of this with multiple ops managers floor managers pg's and pa's yet nothing is ever done.I have worked so well in one days I recieved a total of 13 raffles for my work performance and yet I still do not get recognized for any of my additional trainings I have even helped a training ambassadors train a class and employees but cant get my self trained or certified i would really love to be trained and certified in every department here at las 1 if possible.Patrice was one of my trainers and senior managers that motivated me with her story of her story and  advancements in the company when I heard her speak in knew I wanted to follow in her footsteps but my management team is not helping with these cituations at all some of these managers tell me thank you mike your making our job easier or they say mike can you slow down your making some of us look bad or work a little harder.Just recently I helped my team hit record on out shift that we have never ever hit before. So please if there is anything you could do it would be highly appreciated.,"['bad', 'slow', 'issue', 'issues', 'never']","['love', 'like']",5,2,Mixed Sentiment
9803,"5-Star Convenience, 1-Star Wokeness Honestly, I love Amazon in that it's convenient, and shipping is amazing. Pricing is often not particularly competitive; but it's just so easy. On the downside, I don't like supporting a company that routinely decides to censor books that don't conform to their Woke guidelines. I know it's perfectly legal because they're a private company, I just don't want to pay for it. So, I'm averaging out to 3-stars.",[],"['amazing', 'love', 'like', 'perfect']",0,4,Strong Positive Language
9873,"Ordered hangers for the apartment Ordered hangers for the apartment, they weren't delivered cause my address was ""undeliverable"" which never happened to me before!",['never'],[],1,0,Negative Language
9906,"How do you rate amazon's delivery Amazon is one of the famous companies to provide an online efficient shopping experience. However, when comes to delivery, they do not have the best delivery system. I cannot tell whether my items were stolen or they were not delivered at all equals a scam. I bought items such as ram, facewash, sweatshirt, earplug, gaming controller that were not delivered at all. They are more hesitant to refund or replace an item. I believe there are few articles about amazon services that you can search about. I am just unsatisfied with amazon's delievery services.",[],"['satisfied', 'best']",0,2,Strong Positive Language
9954,It Has its Moments Amazon can be good but when its bad its bad. its easy to use and you get your items quickly but that being said  - last year my partner started amazon prime and a couple of months later when he didnt have enough money in his bank to take the subscription they took it off my card without my authorization - they didnt even email or call him to say his payment didnt go through. we called Amazon and they said they wouldn't refund the money.,"['bad', 'late']","['good', 'quick']",2,2,Mixed Sentiment
9967,"Prior Grievance (Update: Fixed Now) Amazon cancelled all my recent orders due to a ""security concern"" that they thought someone else had accessed my account - they did not, and these were orders I personally placed on Amazon, but their security system is too stupid to know the difference. Now I am struggling going back and forth between the BBB and the Amazon Executive Account Team.Get rid of your damn ""security"" system if it is stopping people from doing legitimate business on your website!Edit for Update: Amazon restored my order that was canceled. Rating increased because my order was restored to my account, but customer service was very unhelpful. 3 stars at most only because of the headache it caused me trying to get it fixed.",[],[],0,0,Clearly Neutral
9971,"Has it's goods and has its bads.. Has it's goods and has its bads... Not sure what outweighs what.Having Prime means next day delivery - more and more frequently delivery is being delayed. When you are able to speak to an agent, they offer compensation however this is never actually applied to your account. The last adviser I spoke to Hazel was very rude. I attempted to report her however was unable to do so.","['bad', 'delayed', 'delay', 'never']",['good'],4,1,Mixed Sentiment
9988,"Amazon is going DOWN HILL!! I have been an Amazon customer for several years now. Since Covid hit I have spent THOUSANDS of dollars with them. Throughout the entire shutdown Amazon NEVER missed a delivery date. In the past several months it has gone SERIOUSLY DOWN HILL!! What is going on?? If you can not deliver an item on time then why do you even put a delivery day on the items? It's ridiculous. I pay for PRIME SERVICE but I am no longer getting it. Sorry, but I don't go for that crap. When I order a product and it specifically gives me a date of arrival BEFORE I ORDER IT!! I consider that a contract! I pay for the service, I pay for the item...but do not receive my order on the promised date. In May of 2021 I had a little incident where some supplies for a customers order got damaged. I immediately ordered what I needed with the ""promise"" of it being delivered the next day. Sometime around 5:00pm (long after it should have already been delivered) I received a text message informing me that it would not be arriving when promised. It was to arrive on May 21st which still would have given me 2 1/2 days to complete my customers order which was to be delivered on the evening of Monday, May 24th.   I did not receive my supplies until the afternoon of May 24th!! Needless to say I could not deliver as promised because Amazon did not deliver as promised. The loss of that order cost me $300.00!! When I called to complain, they had the AUDACITY to offer me a $5.00 credit to my account. ARE YOU KIDDING ME!!?? You cost me $300.00 and you want to compensate that with a $5.00 credit? Talk about a slap in the face. As a matter of fact that was and is THE ONLY time that Amazon had the courtesy of letting me know. Usually they do not even do that much. It's not until I see UPS drive past my house that I realize that something is wrong and then I have to check. They are also starting to get really cheap with their packaging. I have been ordering my makeup from Amazon for quite a while now. It used to come wrapped in bubble wrap in a box. There were no problems. Now they have been sending it in really thin and cheesy mail bags/envelopes and it arrives in pieces. One time they sent 2 glass bottle of foundation, 2 2 compacts of face powder and a tube of mascara all together in a paper shipping bag. Absolutely no padding, bubble wrap or anything!! Well after shipping and UPS throwing it around for a day and a half, I had a real mess on my hands. How much common sense does it actually take for someone to know that 2 glass bottles and some fragile makeup needs to be packed properly with padding and a box?? I see that Amazon sells Waterford Crystal and Austrian crystal wine glasses at $400.00 -$500.00 per half dozen. I can just imagine how they would arrive!! You NEED to get it together Amazon. Have you ever heard the saying ""Your mouth needs to stop writing checks that your ass can't cash!""","['damaged', 'problem', 'problems', 'wrong', 'never']",[],5,0,Strong Negative Language
10106,"HAKKUNA MATATA HAKKUNA MATATA. MY NAME IS LINDA GARCIA I AM A N AMAZON MEMBER SINCE THE BEGINNING OF AMAZON IN UNITED STATES.  I JUST BUY PRODUCTS THROUGH AMAZON , I AM ANIMAL ACTIVIST SINCE I WAS LITTLE,  I AM FROM COLOMBIA BUT I AM AN AMERICAN CITIZEN TOO.  THANKS TO GOD. I REALIZED IN SEPTEMBER 2, 2021 , WHEN I WAS PRAYING AND ASKING TO GOD HOW WE CAN HELP OUR PLANET AS MICHAEL JACKSON SAID AND HE TRIED TO MAKE CONSCIOUSNESS TO THE WORLD WITH HIS MUSIC. IN MY OWN OPINION,  HE WAS A RENCARNATION OF JESUSCRIST AND THE PAPARAZZIS, SOCIA MEDIA  AND MILLIONS OF HUMANS THAT BELIEVED THE MF OF THIS WORLD KILLED HIM. I AM WRITING THIS NOTE BECAUSE I AM NOT LONGER SUPPORT THE TYRANS GOVERNMENTS OF THIS PLANET. I DON'T BUY PRODUCTS FROM CHINA, I DO NOT SUPPORT THE GARBAGE OF THIS PLANET. THEY ARE KILLING ANIMALS AND THEY AREN KILLING SOULS. I WANT TO BE PART OF THE LIGHT OF THIS PLANET,  I AM NOT PART OF THE DARKNESS. I HAVE HEART, I AM NOT A ZOOMBIE. I AM HAPPY OF THE CUSTOMER SERVICE OF AMAZON , I HAD SPOKE WITH BROTHERS AND SISTER FROM PHILIPPINES AND JAMAICA. BEAUTIFUL SOULS . I HAD SPOKE WIRH THEM ABOUT THE REALITY OF THIS PLANET. THANKS GOD THEY ARE LISTENING.  5 STARTS FOR THE AMAZON CUSTOMER SERVICE.  MY CONCERN IS WITH THE CEO OF AMAZON.  WHAT IS HE DOING TO HELP AMAZON JUNGLE IN SPUTHAMERICA? BECAUSE IF HE NAMED HIS COMPANY AMAZON,  HE MUST THINK ABOUT THE AMAZONIA , SECOND CONCERN HOW USA IS WORKING ..ARE YOU PART OF THE SOLUTION O YOU ONLY CARE IS ABOUT MONEY, MONEY , MONEY. WELL LET ME TELL YOU IF THIRD WAR WILL BEGIN , IT WILL BE THROUGH CHINA , NORTH KOTEA AND RUSSIA. YOU STILL SUPPORTING THE GARBAGE OF THIS WORLD IN THE MIDDLE TIME THEY ARE PLANNING A WAR. WHEN THE PLANET WOULD BE DESTROYED,  YOU WILL REALIZED AS STEVE JOBS , YOU CAN NOT EAT MONEY ... SO MY FINAL QUESTION IS MR, CEO OF AMAZON "" DO YOU REALLY CARE ABOUT OUR PLANET "" ???● SO PLEASE DO NOT LONGER SUPPORT THE BAD GOVERNMENTS OF THIS PLANET.  DO NOT MAKE PRODUCTS IN CHINA AS SIMPLE IS.. AND ANOTHER QUESTION  ARE YOU FRIEND OF DONALD TRUMP? BECAUSE JESUSCRIST SAID BY THE FRIITS YOU WILL RECONIZE THEM .. A GOOD APPLE WITH A BAD APPLE AND THE END IT IS A BAD APPLE.. SIMPLE LIKE THAT. CAPISCE ● SAYUNARA ●☆☆",['bad'],"['good', 'like', 'happy']",1,3,Mixed Sentiment
10181,"Would you please fix your search engine! Would you please fix your search engine?  Perhaps Google could help.  When I search for an ""RTX 3080"" the booleans mean that my search should not display RTC 3090's, 3070's, 3060's or AMD graphics cards.  I have 2 battery orders sitting here that are useless to me because they popped up in a search where they shouldn't have.  Some of these button batteries have several names.  Can't I count on your search engine to get it right?",['useless'],[],1,0,Negative Language
10191,This site is way too overpriced This site is way too overpriced! They wanted me to pay £12 for a book. I saw that same book for £3 on a different site!,[],[],0,0,Clearly Neutral
10236,Average Average - delivery speed was good but item pretty bad quality,['bad'],"['good', 'quality']",1,2,Mixed Sentiment
10243,Easy and simple Good deals prices are fair customer services are good sometimes stuff is late but it's okay have great deals aswell,['late'],"['good', 'great']",1,2,Mixed Sentiment
10308,"Amazon, what’s happened? I have absolutely loved Amazon in the past but the last couple of months they have really disappointed me. I’m a Prime subscriber and have normally received my purchases in several days. Perfect! But lately it has been taking weeks….to not at all! Has anyone else been experiencing this. I’m truly bummed and disappointed as all get out!","['disappointed', 'late']","['love', 'loved', 'perfect']",2,3,Mixed Sentiment
10332,"Delivery services are sadly mainly UPS Delivery NO STARS: They mainly use UPS which has consistently lost or wrong address delivered packages. UPS refuses to take any fault for packages they lose or deliver to the wrong home, sometimes even in the completely wrong state or town which should be something easy to notice. But apparently as long as they delivered it, it shouldn't matter where and they shouldn't have to refund the product or replace it. It's absolutely disgusting business tactics and their affiliation with UPS Will only ruin their reputation as it continues. I RECOMMEND FINDING A SERVICE NEAR YOU OR ONLY ORDERING FROM CITES THAT USE FEDEX OR REGULAR POSTAL DELIVERY AND NOT UPS. Products 3 stars: pretty wide range of products you'll find anything you need. Its 50 50 on price it'll either cost more than your local store or less so it can be a bargain if used right. ALWAYS READ PRODUCT REVIEWS BEFORE PURCHASE. you'd be surprised what products actually pose the most issues but trust the most recent reviews and make your purchase accordingly. Sometimes the product is good but the means of delivery are awful. Prices 3 stars: all prices are basic standard prices not really any higher ir lower than local prices. You'll save as much as you would using coupons on a store basically. But if you dont like going out because your sick or other reasons, it is very useful to avoid social contact. Customer service 5 stars: these guys are not playing games. If you lose money, theyr losing money to. Take advantage of customer service and be patient! I have had wonderful results and always ended up getting a refund or a return with their help, all be it sometimes it's a long process so again, patience is key. But they will hunt people down for you no joke.","['awful', 'issue', 'issues', 'wrong']","['good', 'like', 'wonderful']",4,3,Mixed Sentiment
10339,Amazon Europe is slow with incredibly… Amazon Europe is slow with incredibly long waiting times.,['slow'],[],1,0,Negative Language
10406,The delivery hours aren't guaranteed… The delivery hours aren't guaranteed anymore you order early for 6 - 10pm delivery check back Amazon has changed day & time to when you aren't home. Ordered also for Sat 1pm delivery all 5 items lost in transit. I have to wait 5 - 7 days for money back when Amazon never dispatched items.,['never'],[],1,0,Negative Language
10510,"A Prime start, a sub-prime ending. Amazon Prime started out on a good foot but the business continuity for delivery is NON-EXISTENT!  Almost every order (although thru prime) does NOT arrive at the time promise.  I pay for and use prime because it USED to have a speedy delivery.  I could wait almost to the 11th hour to order and get my products timely, THAT is a thing of the past!  I ordered $200 in items for an upcoming vacation and as I write this...it is 4 days until my vacation but my packages states that it is running late. The delivery times and dates perpetually change.  This is baffling to me because I made sure that ALL of my items was on Prime delivery so that I could get them before my vacation. I am NOT calling customer service again because I found out by an Amazon worker that they are only reading your order details from the same platform that we see our order.  So they are absolutely useless.  In compensation, they had out a measley $5 credit.  WTH is $5 on a $200 order???  It would be helpful for them to actually track the package up to calling the truck OR driver that has the package.  But I get the feeling that even if they did that, they would would be on the phone with the drivers ALL day, FURTHER delaying our products.  I want to cancel my membership and stop paying for Prime because an 70% of my deliveries are not PRIME!  This is just ridiculous!","['late', 'delay', 'useless']",['good'],3,1,Mixed Sentiment
10527,Adoption: The Unknown Blessing Family Friend Very well written the format was great the footnotes were helpful good reading material I felt the sadness and joy,[],"['good', 'great']",0,2,Strong Positive Language
10534,I've ordered books from here several… I've ordered books from here several times and overall it's ok. But the shipping if very expensive and long,['expensive'],[],1,0,Negative Language
10651,"Amazon Review Procedure not up to scratch Update, after a day of back and forth plus a trustpilot review I finally got a comprehensive answer and I am now have all the info and reasons why I cannot post my product review.  Maybe an explanation in the first place would have helped.                                                    I have written a review for an item I purchased. I was sent an email to say it was rejected. Fair enough. Why it was rejected is not noted so I looked at the guidelines and popped back on to right a review within these guidelines. Not allowed. Barred for writing a review because I really like something? Emailed the address given by Amazon for any questions regarding this. Reply states they cant find the review. Yes that would be correct Amazon- as you rejected it, the review wont be there. I replied and got another email stating I had emailed the wrong place and was given guidelines on how to report dodgy reviews. I have emailed again asking for someone to actually read my first email and let me review the item I purchased. Round and round we go, Will update if I ever get and answer to my initial request.......",['wrong'],['like'],1,1,Mixed Sentiment
10690,"Only complaint is CS Anytime I ordered something I recieved it, packaging unharmed and intact. Their customer support service is extraordinarily horrible though","['horrible', 'complaint']",[],2,0,Strong Negative Language
10698,"I used to Like Amazon!! I Bought a brand new remote control from them only to find that they had sent me a refurbished unit, arrived in a bag stating refurbished, I promptly sent this unit back.They kept sending me emails to review the product and what I was led to believe their service. I promptly told them what I thought. surprise surprise they did not like the review and failed to add it.Tells the story of Amazon, it's alright when things are going good.",['failed'],"['good', 'like']",1,2,Mixed Sentiment
10741,Amazon has stopped 2 day delivery in my… Amazon has stopped 2 day delivery in my area. Ridiculous why even get prime at this point?,[],[],0,0,Clearly Neutral
10761,"2 1/2 stars, not 3. I am giving the third star reluctantly; I would rather only give 2 1/2 out of 5 stars, as my feelings about the company are 50/50.  As far as prompt delivery and fair pricing goes, Amazon is second to none.  Unfortunately, it is obvious that several of the reviews on the site are bogus, and until recently they would even allow trolls to write ""counter reviews"" to legitimate criticisms.  Where they really falter is in customer service.  I was locked out of my account for unknown reasons and I had to go through a whole rigmarole trying -- unsuccessfully -- to get back into it.  The belligerent, unapologetic operator I spoke to was acting as if I had put HIM out.  I couldn't take it anymore and disconnected the call.  Later, I was inexplicably able to access my account but it was no thanks to them.  They really need to clean up their act.  Goodness knows they can afford to.",['late'],['good'],1,1,Mixed Sentiment
10762,"Good service Good service, with fast delivery, however they сheet us, if you have an Amazon prime they said delivery is free, but one time I checked same product from Amazon account of my friend with no Prime and them I decided to place order from my Amazon account with Prime, and the price with free delivery was same as in regular account + delivery cost.",[],"['good', 'fast']",0,2,Strong Positive Language
10795,"Most items I’ve gotten with no hiccups Most items I’ve gotten with no hiccups, but there are a few bad sellers.  I ordered crossbars for my 2019 Honda passport and received totally the wrong bars from what I purchased on Amazon.  They try to help me deal directly with the seller.  With no assistance at all. I returned the crossbars that they sent me and then they wouldn’t return my money!  They said that what they sent me wasn’t even their product. I am appalled that Amazon did not help me whatsoever and would not let me post a review about ASG automotive products out of Michigan.  They tried to tell me that they didn’t even have that product in their building. I returned exactly what I got and they try to steal my money. If you’re going to use Amazon you have a 50-50 shot. They are no better than any other e-commerce business. I may be just one customer but they are probably going to lose me soon","['bad', 'wrong']",[],2,0,Strong Negative Language
10806,Okay customer service but their… Okay customer service but their delivery is amazing,[],['amazing'],0,1,Positive Language
10853,"Torn about Amazon Torn about Amazon.  Used to like it but honeymoon is over. Inferior products, difficulties with shipments, pricey membership.  Hasn't  Jeff  B made enough money????",[],['like'],0,1,Positive Language
10881,"Prime Overall, I do enjoy Amazon. I'm not much of a fan of their Prime Membership, simply because everything I would buy never does fall under their Membership. So it's always an added and unnecessary expense.When that happens you still pay for for the shipping, and then wait for the item to arrive, whenever it gets there, rather than enjoying the 2 day, free shipping that you're paying for with prime. It just seems more like a waste of money to me.But I've never had an issue with Amazon itself.","['waste', 'issue', 'never']",['like'],3,1,Mixed Sentiment
10884,"Mixed bag Overall, my experience with Amazon has been a mixed bag. The first two purchases were packaged differently despite practically being the same product, and that is because I bought them from two different sellers. You'd think Amazon would have some consistency and standards even across different sellers, but no. In my case, the biggest complaint here is that the second order was packaged in an inadequate way (it was inside a plastic bag), which created a serious privacy situation I am not going to talk about and which caused me a little bit of embarrassment and fear. Nowadays, it seems like you can inadvertently buy an item from a non-Amazon seller and then end up having such an inconsistent customer service...Amazon should vet sellers more rigorously and enforce some standards. My third order was nothing short of infuriating, it was packaged even worse than my second one, it was a small paperback categorized as a magazine, which meant I could not leave a feedback on how it was handled, something I discovered only when I attempted to do so despite the fact I distinctly remember there being an option to leave an opinion somewhere in the package\receipt itself. And yeah, it was inside a bubble wrap envelope, so it arrived slightly damaged. If only Amazon packaged their products better, I'd seriously consider continuing being a customer, but as of right now, I have to shop from local sellers. Oh, and for God's sake, add the possibility of using PayPal accounts as payment methods, that's also one of the main obstacles.","['damaged', 'complaint']",['like'],2,1,Mixed Sentiment
10981,Delivery was very slow but nice Review text not found,['slow'],[],1,0,Negative Language
11004,"Amazon is dropping the great customer… Amazon is dropping the great customer support they use to have by allowing sellers to dictate the length of time to get your refund whenever an item is Not received, instead of issuing a gift card with credit one has to wait for about 7+/- days to receive money which you had already paid..unacceptable customer service and good use of public funds if you multiply every customer",['never'],"['good', 'great']",1,2,Mixed Sentiment
11040,false advertising on delivery offers I use amazon like most however don't display same day delivery if order by such a time if when ordered in that time you have no intention too than add 2 or 3 days for delivery.  Boxes still take the Michael waste of space half the time small items in huge boxes.,['waste'],['like'],1,1,Mixed Sentiment
11070,Delivered with delay Ordered a gold plated chain for fancy dress party but got delayed in customs for two weeks due to brexit and hence pointless. Shouldn’t be advertised to be delivered as two days delivery,"['late', 'delayed', 'delay']",[],3,0,Strong Negative Language
11075,"Prime Delivery No Longer Valid! Sadly, Amazon Prime is no longer Prime! My last 4 orders have not been delivered on time. It seems the Phonex facility doesn't care about On Time Deliveries. Plus they have a bad habit of losing packages. I know that Phonex is only 1.5 hours from Tucson and I know they make several stops along the way, but, if it takes a driver over 12 hours to make his trip, you need new drivers!",['bad'],[],1,0,Negative Language
11164,"Delivery arrived Delivery arrived, but not on time. I hope next time will be faster",[],['fast'],0,1,Positive Language
11202,Bery bad its not nrimal mannn Review text not found,['bad'],[],1,0,Negative Language
11307,expansive always expansive,[],[],0,0,Clearly Neutral
11309,Ok but a lot of fake items and account… Ok but a lot of fake items and account needs to be careful,[],[],0,0,Clearly Neutral
11328,"I don't like Amazon that much Bought things at amazon a few times and ot never goes smoothly. Amazon uses dhl and I've got some bad experiences with them. I also preordered a game about two weeks ago. After telling a friend about it she ordered it a few hours later aswell. My friend got a delivery date and got it yesterday. Meanwhile I'm still waiting for mine to be send, left alone getting a delivery date. Obviously they arent totally terrible as they do send the packages and have good prices. I just don't like their choice of delivery service and my experiences so far haven't been that good.","['bad', 'terrible', 'late', 'never']","['good', 'like']",4,2,Mixed Sentiment
11351,Amazon are great. It’s the deliveries that let them down Amazon is great for getting products but it is the deliveries that let them down. My Amazon driver always just leaves parcels in weird places and then in the app it won’t tell me where they are.,[],['great'],0,1,Positive Language
11393,"What's happened with Amazon Been using Amazon for 12 years, when I first started using everything was great, but since Covid the service has been lacking when it come to delivery time and the third party sellers. And its crazy since the Amazon fulfillment center is less than ten miles near my house. Hopefully once things settle down things will improve especially with quality products.",[],"['great', 'quality']",0,2,Strong Positive Language
11402,"very disappointed with my recent… very disappointed with my recent purchase. I bought a new fragrance and watch for my daughter. The watch was fine and well packaged, however the fragrance came and it smelt nothing like previous purchased issues of the same fragrance, this was Armani diamonds. very disappointed on this part.","['disappointed', 'issue', 'issues']",['like'],3,1,Mixed Sentiment
11414,Service is worse these days and prices… Service is worse these days and prices too,[],[],0,0,Clearly Neutral
11438,I paid for an item and never received… I paid for an item and never received it. Amazon have not customer support option and only offer a return item option. Seller sent a pre scripted email and didn't bother to try to resolve the issue either. Amazon and the dodgy seller wiped their hands clean of the issue but happily kept my money. This is what i would consider an online scam. They only get away with it because their name is AMAZON.Update---------Amazon did eventually refund me for this item. The fault was with Royal Mail. They falsely claimed they delivered a parcel. I have a camera in front of my door. They lied.,"['issue', 'never']",[],2,0,Strong Negative Language
11454,Not great customer service Review text not found,[],['great'],0,1,Positive Language
11528,Service is good Service is good. easy to order.,[],['good'],0,1,Positive Language
11566,"Disappointed I have ordered lots of times from Amazon and they have mostly been great, love the quick deliveries and choices. The area they really do need to improve on is customer service when things dont go quite right. I recently ordered 3 items, had an email to say they had been delivered and left in the garden, well not my garden. I telephoned, sent messages to live chat as you cannot reply to their emails. No customer service really, just said it would be investigated, but no updates at all. The packages were left in a completely different cul-de-sac, luckily the lady brought them round to us. But nothing from Amazon to ensure we had received our deliveries. Let's you down badly I'm afraid.","['bad', 'disappointed']","['great', 'love', 'quick']",2,3,Mixed Sentiment
11573,"Esoteric Business Model Multiple Issues:1. Chronically late and sometimes lost shipments due to trusting the USPS.2. Recently attempted to read a book I had bought months before- The last and critical page were missing. I was too late to get a refund.3. Political wokeness in their streaming service =militating against  previously mainstream culture in favor of the social, political and internationalist world view..","['late', 'issue', 'issues', 'missing']",[],4,0,Strong Negative Language
11594,"It's a great service...but It's a great service.. however, since I never know if I'm actually going to get what I paid for due to theft risk and delivery gamble. It would be nice to not have ""package delivered"" show on your order until it was actually delivered. It would also be nice if the drivers actually took packages to your door.",['never'],['great'],1,1,Mixed Sentiment
11607,ok but not sure about working practices Review text not found,[],[],0,0,Clearly Neutral
11666,"A mixed bag A mixed bag. Orders are great when they work, returns are a hassle and customer service are whatever they could find the cheapest.",[],['great'],0,1,Positive Language
11716,Great shopping...lousy customer service... I love shopping at Amazon...but don’t try to contact them..I got a scam call today saying a charge of over $700 was being added to my account..I tried comtacting Amazon with their form..”call me”...that didn’t happen...”chat with advisor” ...couldn’t do that either..no shows..they are good at collecting the money but customer service...no show.  So disappointing..not that they care...too busy raking the cash in.  Not the first time ...I should have known not to waste my time.,"['disappointing', 'waste']","['good', 'great', 'love']",2,3,Mixed Sentiment
11747,"2 damaged items and an unexplained cancellation I use Amazon a lot. And for the most part it's fine. However just recently it's been a bit of a joke. A couple of items arrived damaged. Thankfully it's just the box not the product itself but it makes you wonder about how they treat your items. Then I also pay for Amazon Prime, the idea being next day delivery. Ordered an item and didn't receive it next day. Following day I got a notification to say it would arrive with a couple of additional items i bought as accessories for my main item. The additional items came but not the main one. Message from them saying there was a problem and I was to wait 2 more days and then I could request a refund. Wasn't sure if that meant I wasn't getting it or not, even though it said they would redeliver it 2 days later (3 days after the delivery date I pay a premium for). But why even bring up the option of a refund if you intend to deliver my item? Then at just before 2am, I get a message saying I won't get it at all. And I will get a refund in a couple of days. So I pay a premium for you to make me wait longer than expected and then not send the item and make me wait for a refund. No explanation either. It's really annoying. Makes me think twice about using them again and makes me wonder about Prime membership.","['damaged', 'late', 'problem']",[],3,0,Strong Negative Language
11764,"Love/ hate relationship with Amazon. I have a love hate relationship with Amazon. Most of the products are decent. Prime shipping is most of the time decent, but more times than not, my items are dropped at the wrong address, wrong size, broken or damaged, and the delivery drivers are something else. The customer service is pretty great. Amazon is good for cheap, fast ordering. But don’t expect the best or it to be on time.","['broken', 'damaged', 'wrong']","['good', 'great', 'love', 'best', 'fast']",3,5,Mixed Sentiment
11765,Many of the venders are selling their… Many of the venders are selling their products for more than you can purchase them from the manufacturer or other outlets like Walmart. Some of the sales look more like gouging.,[],['like'],0,1,Positive Language
11844,"They do not accept not positive recensions Everything okay, sometimes I get order faster sometimes not. I only buy through Amazon, not 3rd person. But one annoying thing they do not accept different recensions than 100% positive, if you wanna put truly opinion they will not accept your recension. That's scamming of people.",[],['fast'],0,1,Positive Language
11846,"Amazon Prime is away ahead of the game… Amazon Prime is away ahead of the game as a media and commodity provider and in the latter very good at sourcing unusual or hard to come by items that you may need from time to time! And their customer service on Prime products is second to none. However, here’s the but - don’t trust Amazon reviews for their associated/affiliated sellers as they are largely hogwash - this view is attested by several leading consumer related bodies. If buying an item via Amazon from one of these guys make sure you double check independent reviews on them. And don’t bother posting critical reviews on these sellers as Amazon will usually block them.",['late'],"['good', 'very good']",1,2,Mixed Sentiment
11880,I dont want to make it long but they… I dont want to make it long but they sent my order late. I wasn't expecting amazon does this,['late'],[],1,0,Negative Language
11883,over priced but fast delivery Review text not found,[],['fast'],0,1,Positive Language
12068,"Good products, bad sources Amazon is a very helpful site to find alot of thing that you would want or need, but some sources that sell items on amazon are not trustworthy. I ordered something over a month ago and it didn't arrive, so I asked for a refund, i received half of what I paid for. Unless the products come from amazon itself, other sources might not be trustworthy.",['bad'],['good'],1,1,Mixed Sentiment
12088,"Amazon reviews seem sketchy.. MOST of the time Amazon is great, gets packages to me quickly with prime and has decent products. But lately I’ve been noticing something is off with the reviews! I was looking at reviews for a product and noticed there are reviews for a completely different product, which could give the impression that this item has 5 stars but really it’s from ratings from another product. Don’t know if this is a mistake or scheming but it makes me trust Amazon a lot less..",['late'],"['great', 'quick']",1,2,Mixed Sentiment
12107,"I wish that they would let me choose what packaging material I want to use for my order. Amazon.com is a website so huge that its impossible to ignore their impact on society and retail as a whole, they have driven several competitors into bankruptcy including mom and pop stores who cant compete on price, small/medium sized competitors by lowering their prices on products (like baby products) which forces their small/medium sized competitor to lower prices to compete with Amazon and then after they go out of business Amazon will raise their prices when there is no competition around (this has been in news articles). Amazon has also been in the news for things like their poor treatment of fulfillment center employees by timing how many seconds they take to pick an order and pack it, limiting bathroom breaks, and making workers work during Covid-19 even though several of their employees got Covid-19 in their fulfillment centers.  So why do you ask do i keep buying from a company like this? for one simple reason, convenience. Amazon has a huge selection of products, they allow for easy and FREE returns within 30 days where other competitors charge restocking fees for returns and make returns at customer expense for shipping costs. Amazon also has a presence in many countries, ive purchased stuff from Amazon Japan, Amazon UK and had the items shipped to the United States very easily.So why did I rate Amazon.com 3/5? well because while they may be very convenient to buy from they also have very poor packaging and dont let customers specify what kind of packaging they want their items shipped in. Amazon has gotten some heat from environmental groups trying to get them to cut down on plastic and cut down on cardboard boxes in the past and we still see petitions online constantly being opened about their packaging. A simple solution would be to let the customer choose what kind of packaging they want their items shipped in during the checkout process and if theres an extra costs associated with more packaging materials then the customer can decide if they want to pay the extra costs or not. I would totally welcome the ability to choose what packaging material Amazon uses for my orders because I would love to be able to order things like art books, movies, collectibles, and video games from Amazon but whenever I try to order any of these items from Amazon they ship the items in a plastic padded envelope 99% of the time or a cardboard box without any packing paper or void fillers and when I finally receive the item it will be all scuffed up or dented during shipping, have a loose disc (movies and video games), or be damaged in some other way so I would have to go through the trouble of returning the item back to Amazon which isnt good for the environment either since it would costs more fuel and packaging material to be sent back to Amazon. The combination of Amazon's business practices, their poor treatment of fulfillment center employees, and their poor quality packaging which prioritizes getting the package to the customer as fast as possible over the condition that the items arrive in at their destination are the reasons why I gave Amazon a 3/5 score.","['poor', 'damaged', 'never', 'poor quality']","['good', 'love', 'like', 'fast', 'quality']",4,5,Mixed Sentiment
12111,"I was their prime member for years and… I was their prime member for years and i cancelled it because i dont get stuff i ordered on time. Prime member should get their ordered product within 2 days, ok lets say its delayed for 4 days.. but they have delayed every product i ordered for more then a week and there is no compensations for that. We are paying prime member for fast delivery. I THINK THEY MAKE most MONEY FROM PRIME MEMBERSHIPS. Otherwise they are good.","['delayed', 'delay']","['good', 'fast']",2,2,Mixed Sentiment
12130,"Amazon deliveries Its not Amazon as suchBut Amazon delivery drivers, can they read or just dont bother. I have had quite a few deliveries over Christmas from Amazon... I always put a safe place in case Im not in. My shed/cupboard.Its not hard to find, its next to my front door, literally a ft away. But no75% of the parcels are still left outside my door, in plain sight of the road, usually in the rain. So I come home to sopping wet packages, or nothing, even if it says delivered. I have had 4 parcels go missing now. I have complained to Amazon... They have now put on my ordersDO NOT LEAVE OUTSIDE FRONT DOOR, PUT IN SAFE PLACE. I thought that would do it.. But noThe delivery drivers (not all, but most) are still leaving parcels outside my front door.Its getting so I dont order from Amazon if i can order elsewhere.The only one that puts stuff in my safe place is the local postie. Amazon hire people that can follow instructions.",['missing'],[],1,0,Negative Language
12236,"2 major gripes.1 2 major gripes.1. I have Prime but when i put a product in my cart the delivery date always changes,obviously a few days after that stated on the product page. 2 They should have told me before i returned Everything that you're supposed to keep the charger and accessories.now i have a lonesome Echo Dot and ha ve to buy a charger separatel ly.",[],[],0,0,Clearly Neutral
12261,"hit or miss i find amazon, hit or miss. sometimes they are great, but they dont take responsibility a lot of the time",[],['great'],0,1,Positive Language
12286,"Adventures in trying to login. What fun!  (What sarcasm.) 😉 Once I went through everything you have to go through to speak with a real person, I spent over 2 hours with a very nice amazon rep and a few others who helped me fix the many, many reasons I wasn't able to log in to my own account. Email updates, phone not even receiving the code sent via text to enter in order to be able to edit my info. (Couldn't update my phone number to log in because they kept insisting I verify my old phone number through a text sent to the number I no longer have!)  Or the password not accepted because it's in use (because it's mine) even though it's current. Yes, it was both an adventure and a huge undertaking requiring a team of experts to cut through all the engineered obstacles in place to keep someone out. (Unfortunately that someone today was me.)  She was very nice and they all stuck with it and helped me. Very nice people once you can reach them.  😊",[],[],0,0,Clearly Neutral
12296,"this is where you Amazon customer care number.07865872004 write your review.Explain what happened and leave out offensive words.Keep your feedback honest,helpful, and constructive Excellent thanks",[],['excellent'],0,1,Positive Language
12299,"this is where you Amazon customer care number.07865872004 write your review.Explain what happened and leave out offensive words.Keep your feedback honest,helpful, and constructive Excellent thanks for letting",[],['excellent'],0,1,Positive Language
12331,"Nice Nice, not more",[],[],0,0,Clearly Neutral
12352,"The company has bad ethics The company has bad ethics, but they’re still one of the best places to shop. Use them if you must but search for alternatives elsewhere first.",['bad'],['best'],1,1,Mixed Sentiment
12365,Sounded like people were trying to shout over me. The customer service was good.  The background noise at the call center was horrible.  I couldn't hear myself think when I had to answer the questions.  I felt like someone was shouting over me.  I've designed call centers for years.  I can tell when employees are sitting on top of each other without any sound attenuation.  It made my customer service experience really unpleasant.  They need to do better.  They are Amazon and they are taking over the world.  They have money for better call centers.,['horrible'],"['good', 'like']",1,2,Mixed Sentiment
12367,"Amazon seems to be slipping as to the… Amazon seems to be slipping as to the reliability of the delivery dates. You know, the ones on the product detail page. For Example Prime member's, delivery is stated two days, sometimes three days. these delivery dates are always stated right on that page. But  following my last purchase, I received a notice that the product delivery date had been extended by two or three days. (So I canceled the purchase). And now I find that Prime Video has commercials... COMMERCIALS. Folks, I do not pay a monthly fee for commercials. I get enough of that with Directv. This was one reason I chose a prime membership. I do not pay a monthly fee to have my delivery date made LATE  by two or three days. The date on the product details page. (And I always take a screenshot of the page at the time of the purchase) should be the same price and date that the product is actually delivered. When I purchase products from Amazon, I often choose the product according to the delivery date and that price and delivery date should be honored by Amazon. If there are too many deliveries, hire more drivers. There are lots of people wanting jobs right now. Amazon needs to be a little bit more aware of their “little details”, like the delivery dates. It is now time to purchase items for Christmas. My question is, can I depend on Amazon with delivering the products on time? Or are my gifts going to arrive in 2021.",['late'],['like'],1,1,Mixed Sentiment
12416,"I have been with amazon since 2009 and… I have been with amazon since 2009 and have been buying a whole lot stuffs from it and mostly satisfied with. It is not anymore. I recently ordered a lot of things from this platform too. However, many of my ordered have been canceled with the same reason which says “cannot delivered/have problem with delivery”. All the canceled orders sold by amazon and a US based company. Not any orders sold by China based has been canceled. What happened to Amazon? Is it a China Company now? I am so disappointed and frustrated.","['disappointed', 'problem', 'frustrated']",['satisfied'],3,1,Mixed Sentiment
12462,"Amazon is a very good service but delivery can leave something to be desired. Amazon is a very good service, however I can find nowhere to report a discrepancy between the comment the delivery driver made and the actuality! The comment read “handed to resident”. Not so, we were in and listening for the delivery - having tracked it. But no ringing of the bell or knocking of the door, just dumped.I’ve tried to find a place on their web site to report this - it’s not the first time - to no avail!! Sad really as parcels they send by Royal Mail or other service always come with a ring or knock!! Making this a reliably, safe delivery. That’s really is my only complaint about an otherwise very good company!",['complaint'],"['good', 'very good']",1,2,Mixed Sentiment
12463,amazon is so got on getting stuff on… amazon is so good on getting stuff on time but there delivery is abit slow but good rang of products are good,['slow'],['good'],1,1,Mixed Sentiment
12483,Poor customer service Their chat customer service is absolutely rubbish. They want you to keep typing the same thing over and over. I gave up in the end.,['poor'],[],1,0,Negative Language
12498,Shopping is smooth and transportation… Shopping is smooth and transportation is slow,['slow'],[],1,0,Negative Language
12553,"It's OK It's OK, but you're just giving Bezos more money.",[],[],0,0,Clearly Neutral
12572,"Amazon Isn't All That Great....... The good things about Amazon is that it is the most known and most trusted(in my opinion) website out there. It always tells you exactly where your package is.(I'm a new customer, and my orders haven't came yet) There are SOME reasonable prices like for a chain I ordered was 3 dollars. Now for the bad things. I've made 3 accounts to get my orders, and on all of them it says ""tHeRe WaS sUs ThInGs GoInG oN iN yOuR aCcOuNt""(it didn't look like that I'm just showing how dumb it is). I put in the correct things for the submission, but it always says ""ThAt'S nOt EnOuGh EvIdEnCe ThAt YoU oWn ThIs AcCoUnT"". Not to mention I have to wait 2 days for the same response. I've spend the last 9 days trying to get into my accounts. This is causing me a lot of stress.",['bad'],"['good', 'great', 'like']",1,3,Mixed Sentiment
12596,"Why So Many Late Deliveries?? (Long Time Prime Member) Amazon Prime member for many years.  Getting very disillusioned with Prime delivery/promised delivery dates. Prime promises same day, next day, two day delivery depending upon the product you order.  1) I expect delay of specific or some products due to COVID-19; and, 2) I understand not all products can be delivered in a day.  However, it's now October and I would expect Amazon to have worked-out the majority of promised delivery vs. actual delivery issues, regardless of whether it is an Amazon issue or Prime vendor issue.  Of the orders I have placed over the past 2-3 months, 80%+ have arrived later -- sometimes MUCH later -- than the delivery date stated/selected when I order.  In general, it is an inconvenience.  In principle, Amazon is not fulfilling the terms of their PAID Prime Service.  I would much rather order a product and get an HONEST, REALISTIC delivery date than continue to get notifications that the product I've ordered is delayed.  In some cases, I would not use Amazon if I knew that my order would not arrive for as much as a week to 10 days after the original delivery date.  Prime is a paid Service, with specific consumer promises.  Amazon needs to fulfill these promises or change them.  In all fairness, prior to COVID-19 the percentages of late packages was probably reversed (20% late/80% on time).  COVID is a challenge for everyone, and Amazon needs to step up to the plate to adjust their business practices to it.Side note:  First tried to review/leave feedback on the Amazon site but I'm ineligible to review Prime Service there.  Go figure...","['late', 'delayed', 'delay', 'issue', 'issues']",[],5,0,Strong Negative Language
12621,Constant order mistakes Lately whenever I have placed order with Amazon fresh the people packing the orders have been very sloppy. Anything from flattened bread to wrong items in bag. The other day they totally sent me someone else order. Granted Amazon does give refunds or replacement items and thats good. So why can't the people packing the orders get it right. This is time consuming and irritating for the customer.,"['late', 'wrong', 'never']",['good'],3,1,Mixed Sentiment
12635,Usually you find what your looking for… Usually you find what your looking for on Amazon but they can be a little pricey plus shipping and tax adds to the price. If you sign up for thank you and rewards points thru citi.com that helps.,[],[],0,0,Clearly Neutral
12662,"It might be a scam... For years I've used them and It's really easy for consumers and sellers/scammers to use and often they don't issue refunds, hint's how the owner became richest person so proceed with caution.",['issue'],[],1,0,Negative Language
12669,"Check Invoices / Bank Statements / Shipping not FREE Amazon: When placing order, CHECK if from Market Place Seller or Amazon .. Free Shipping is not Free",[],[],0,0,Clearly Neutral
12671,"Good pricing, bad screw ups. Good pricing, good products, but when they mess up, they mess up bad with little to no compensation.I’ve bought from Amazon many times.  When their customer service agents say someone will get back to you, know that they will never get back to you.  Have heard that at least a dozen separate times and never once has anyone got back to me.They can usually correct things pretty quick, but the problems thst get them there are usually pretty bad and they do nothing or very little to mitigate the issue.Overall I still buy from them because of the pricing but I am starting to slow down on purchases because their poor resolution on multiple problems has had me spend way too much time on the phone with them correcting their mistakes while I am actually paying to correct them for them, by being a customer.I have also caught them in their own policy lies and have it recorded where the agent refuses to put in writing what he says on the phone, even though he will put other things in writing.  I asked him directly; why will you say it on the phone to me and not put it in writing, he said because he isn’t obligated to do that.  Unbelievable.I think this company is dealing with the massive influx of sales during the pandemic and though I have little sympathy for the trillions in profit... overall they do pretty good job... when they mess up it can be pretty bad... but usually they don’t mess up and usually things will sort out.  I wish I could more easily support Canadian retailers though.","['bad', 'poor', 'slow', 'problem', 'problems', 'issue', 'never']","['good', 'quick']",7,2,Mixed Sentiment
12681,Mediocre at best Review text not found,[],['best'],0,1,Positive Language
12683,"usually, in general, they do pretty well in general they do pretty well.   god help you if you want to leave feedback about them or their site.    their annoying gdamned app will message me all day long every few minutes about deals or hey do you wanna buy, or an order that I placed is going through step 500 of the 1000 things they'll tell me about, but they can't be bothered to tell me when/why an order I was looking for was cancelled or otherwise marked 'undeliverable'.   and trying to be able to talk to a person about this issue, or let them know that I think this is a problem?   I may as well pee into the wind and call it a hot shower, cuz ...  newp!   'customer service' means I get to do it myself through their website.it might be time for me to reconsider if I really want to  order anything from them again.","['problem', 'issue']",[],2,0,Strong Negative Language
12704,Amazon removes posts So last year I was looking for Christmas shirts saw a sparkly reindeer image shirt so I ordered it. Only it was a iron on decal. No problem I can apply it to a shirt.So I posted my review for it and Amazon messaged me saying they couldn't post my review... I posted that it was a Decal not a shirt. So I guess you can't let people know what the product really is... Or isn't,['problem'],[],1,0,Negative Language
12709,Its amazon it ticks the box and its… Its amazon it ticks the box and its grand,[],[],0,0,Clearly Neutral
12777,deliverys can end up anywhere but… deliverys can end up anywhere but usually quick,[],['quick'],0,1,Positive Language
12871,Been a prime member for 10 years Been a prime member for 10 years! Now the service is mediocre! I understand we’re in a pandemic but you’ve had plenty of time to make necessary adjustments in efficiency and productivity due to demand. There’s no reason for orders to chronically NOT be delivered on time and within the two day prime promise! I mean this is a service WE PAY FOR! Amazon has its own delivery service! They can’t blame USPS OR UPS ETC! They have the resources available to up the productivity but choose profits over people (instead of keeping with what they promise when signing up for prime! Also Prime Wardrobe needs work and customer service used to be awesome but now again is just average)! And the most annoying thing of all is that you cannot post ANY NEGATIVE COMMENTS ABOUT DELIVERY AND MANY OTHER THINGS OR THEY JUST DELETE THE REVIEW AND SAY IT DOESNT MEET THEIR REVIEWS REQUIREMENTS LOL!! How convenient! So much for transparency AMAZON! You’re just another FRAUDULENT YELP!)!! I had such high hopes for this company! I was their #1 loyal fan and supporter!! BUT they should be discounting or refunding ALL PRIME MEMBERS if they neglect to uphold the terms of contract! We all certainly would be! Do better Amazon. People are looking for you to set the pace for the future! I.e. great programs like satellite for Internet service to provide people all over the world etc. etc.,[],"['great', 'awesome', 'like']",0,3,Strong Positive Language
12907,"I order alot from Amazon I order alot from Amazon. One thing I do not like is when my order is delivered they do not ring the door bell. I live in a semi bad neighborhood and in apartments. I do not know why they can literally walk right up here set my package at my door, take a picture of it but not ring the bell. Every time. I only had 2 people ring the bell out of 30-40 orders. It just tells me the company does not care if you get your order or not. They only want to make a sell and protect themselves.",['bad'],['like'],1,1,Mixed Sentiment
12921,"Amazon used to be great Amazon used to be great.  Now they have started using USPS - which is snail mail.  I’m waiting on hygiene products that keep getting extended.  The package is in my state, there is no excuse - what is going on in Texas is not affecting it.  At this rate I am going to stop buying basic needs on Amazon, and so are a lot of other people.  I’m not the only one frustrated.  Amazon fresh is pretty good, but very little choices.",['frustrated'],"['good', 'great']",1,2,Mixed Sentiment
12932,Late delivery even with prime membership Find amazon to be fine but I have prime and next day delivery but even when its listed as next day delivery I didn't get it next day was apposed to recive item today but instead its coming another day  I have checked to make sure item was prime delivery and it is this has happened few times,['late'],[],1,0,Negative Language
12994,I wonder what's happened at Amazon I wonder what's happened at Amazon. The customer service levels through the floor compared to what it used to be. I've had so many issues with incorrect items being sent this year only. Fortunately the service on the Amazon UK side has actually been decent enough for me to continue using Amazon overall,"['issue', 'issues']",[],2,0,Strong Negative Language
13000,"I haven’t had a terrible experience but… I haven’t had a terrible experience but I also haven’t ever had a great experience with Amazon. It’s solid if you need something within a few days and you don’t have time to go to the store, but only if you actually order though Amazon and not one of the other sellers on the platform. Those are hit or miss, some are reliable and some are not.",['terrible'],"['great', 'reliable']",1,2,Mixed Sentiment
13001,"As a whole I have had a good experience… As a whole I have had a good experience with Amazon, but that changed today when I called and Mezagreg (?) answered. I will take responsibility for halfway listening (working) to his question and answering him, but there is no excuse for chastising a customer for the way they talk. I  showed frustration for a situation that I'm dealing with and having an Amazon representative try to control me and the way I talk is crossing the line. He even laughed with amusement telling me to be professional (the customer). Then he hung up on me.  The next representative told me what he wrote explaining the call which was not the truth. I am sick of customer service representatives abusing the customers because they know they can hangup on us with the support of the company. How can a customer get help or ask a question if the people answering the phone has it out for us even before they answer. No care for the customer anymore.",[],['good'],0,1,Positive Language
13009,"Wasn't the greatest service I've had Wasn't the greatest service I've had , The communication was poor and there was no updates on my order as it was for my nephews birthday!Luckily it did come a day before so I wasn't left empty handed.",['poor'],['great'],1,1,Mixed Sentiment
13043,"Amazon can be both good and bad Amazon can be both good and bad. When it's good, it will take your orders and deliver them smoothly. When they are bad, they will charge your debit card twice just to see if you have money in your card....yes that's the reason they gave when I asked why. (rolled eyes)I will always cancel order when they try to charge my debit card a second time. They can very well take the money that was previously put on hold but nope, they want to charge again! So I will always cancel and bring my business elsewhere even if it costs a little more.My recent order was with the same debit card and they did not charge twice. Just once, take the money and delivered the goods. Now why can't they just do that all the time?? Charging twice is off putting and defo made me shop elsewhere every time they try sh_t like that with my debit card. They can go borrow money from the bank if they need floating cash.",['bad'],"['good', 'like']",1,2,Mixed Sentiment
13047,"Not keeping their promises You shop on Amazon.  You find what you want.  One of the reasons you shop here is because of their shipping.  You place your order because Amazon promises your package will be delivered on a certain day.  Then you wait because your package doesn't come.  After they take your money and send you a confirmation telling you when you will get it, you don't get it, and you get an email saying sorry it's late, and if you don't get it by this day, you can have your money back.",['late'],[],1,0,Negative Language
13074,"Skip the middle man Skip the middle man.  Going through Amazon makes it very confusing when one needs to make a return or exchange.  However, Amazon has rectified any problems, but it's hard to know if one is communicating with Amazon or the original seller.","['problem', 'problems']",[],2,0,Strong Negative Language
13087,It's great but too Expensive Review text not found,['expensive'],['great'],1,1,Mixed Sentiment
13099,Amazon has had so many hiccups over the… Amazon has had so many hiccups over the year I question if even shipping here is worth it anymore.,[],['worth it'],0,1,Positive Language
13104,Option for delivery i use Amazon on a… Option for delivery i use Amazon on a regular basis I like them except they don't give you an option on who you want to to ship your products it's simple you pick your shipping company at check out 3rd time I've recommend this thanks,[],['like'],0,1,Positive Language
13105,"delieverd product was defective delieverd product was defective . And now i am slogging to get my refund .first time my product was not picked by the delievery boy and then they given me next date. In that day product was picked but a person from station in their supply chain called me on phone and said to talk to coustomer services fot writing some kind of note about the issue. and now i have became a football between them, calling one person to the other and still not got my refund of 33990 rupees.finally i got my refund 14 days later i applied to return the product. Manager was saying , it is not usual and happened with me first time , so you can consider it. if you need your product urgent , don't order from here. go to the store , it's my advice","['late', 'issue']",[],2,0,Strong Negative Language
13115,"The Ocassional Roulette of Support ****Latest entry*****So as my previous review went I have been happily shopping with Amazon since 2005 and the customer support has been exemplary.So what the hell happened, back to back to back issues, generic responses, can only us their crap chat or 'call you' which never calls me!Shambolic, gradually weaning myself off Amazon and shopping elsewhere.What went wrong!?!*****Original post*****It is quite hard to review a certain aspect of Amazon as they provide so many services, of which I subscribe to being a Prime customer, premium Amazon music and own numerous echo and fire devices. And failure in one part of their service will result in bad feedback for Amazon as a whole.So during this sermon (please try to remain awake) I have put down my past experiences with Amazon and it's customer services which to date have been exceptional in resolving my past issues.I think some of the issue’s customers can experience with Amazon occur with the third-party sellers. Amazon overall does a good job of mediating issues with the third-party companies, I myself have had issues in the past with a certain unscrupulous sellers and Amazon after some investigating offered a full refunded.An item that has prime delivery is not necessarily sold by Amazon. Top tip is if you are unsure who a seller is of an item check the right pane and just below the price and the ‘Add to Basket, Buy now, Add to list’ you will see it read Dispatched from and sold by Amazon. If it does not read this it is a third party company.A massive company like Amazon does not need me to put in a good word for it. But myself included it is easier to write a bad review than a good one, as we expect the service to be good from the companies we use and rightly so.So this is me trying to balance the bad reviews I have posted with a semi-constructive review for a company that has rarely let me down, though the couriers on their behalf are another matter (yer I'm talking about you Yodel/Hermes stop putting my mail in the stinky green recycling bin when I have a garden box there right next to it!)Amazon Fan Boy out!!","['bad', 'late', 'issue', 'issues', 'wrong', 'failure', 'never']","['good', 'like']",7,2,Mixed Sentiment
13187,Usually like their service but don't… Usually like their service but don't approve of the very expensive 3rd party sales. They should have a filter so we don't have to see them if we don't want to.,['expensive'],['like'],1,1,Mixed Sentiment
13196,"I have just recently started shopping… I have just recently started shopping online in Amazon. They are able to ship the deliveries on time when I purchase the products. But when I try to return a product that I incorrectly purchased, it still said pending item returned for a drop bar handle bike via Canada Post, it has been since June 24th that I have been waiting for the refund. According to the Canada Post site and tracking system, it said that it was returned and shipped to the Amazon warehouse, but on the Amazon tracking status it still says it is waiting for the product to be returned to it. What is your phone number or email as I tried finding the phone number for the site but had a hard time. Please help!!!",[],[],0,0,Clearly Neutral
13226,Not efficient during covid -19 Review text not found,[],[],0,0,Clearly Neutral
13265,"Needs to be better! Amazon has great prices, and there is no end to what you will find to fit your needs, however, I cannot always trust the sellers. Amazon leaves it up to the customer to research their sellers to find out if they are legitimate and follow good business practices. They also do a terrible job with packaging their orders. I received an order of 3 reams of copy paper that was put in this giant box that would be suited for a huge picture frame. The reams of paper slid all around inside and the product packing was all tore up. The paper was a mess! Amazon packaging is also very wasteful. I once received 3 little packs of Name badge stickers in a box a little bigger than a shoebox! For a company that makes the billions it does, you think they could afford to research, review, and oversee the quality and legitimacy of their sellers in real time.","['bad', 'terrible', 'waste']","['good', 'great', 'quality']",3,3,Mixed Sentiment
13266,"I am writing this only because I feel… I am writing this only because I feel it needs to be said.  Amazon, I understand with Covid-19 shipments are delayed in shipping; however, please changed your page setting to not say ""if you order in 3 hrs and 15 min"" you have have your order the next day.  I am a prime member and pay my prime membership; however, I do base my orders on when I can receive them.  Telling people if you order in so many hours you can have your shipment by .... if is misleading and plain wrong.","['delayed', 'delay', 'wrong']",[],3,0,Strong Negative Language
13281,"Amazon is poor outside its standard Amazon works well if things are standard.  However, the moment an issue becomes non-standard, you enter customer service hell.  I recently purchased tires from Amazon and the system told me they had been delivered to the installer.  When I contacted the installer, they inform me they have not been recvd.  This initiated hours of time spent trying to contact someone to find out what happened.  They claimed they fixed and set a new date and then promptly missed it.  In total, from order to installation was three weeks.  Completely unacceptable.  Also, I have never had a review published on Amazon.  They filter each review and if there is any negative comment about Amazon, the review is denied.","['poor', 'issue', 'never']",['works well'],3,1,Mixed Sentiment
13288,"First I get the wrong item.... I feel obliged to EDIT this review given latest update in this matter: I have increased the rating to three stars (previously 1 star) since I finally got assistance from another manager who acknowledged the mishandling of my case and compensated me for the mistakes. *Anything below this text is untouched* It bothers me when such a powerful and successful business continue to grow while they are actually not living up to their own greatness... So therefore I'm eager to write a review. (For the first time in my life). I also wrote one on ConsumerAffairs... Unfortunately I don't have good things to say about Amazon and their attention to customer satisfaction seems below average, despite having so much attention in media about being the best and greatest company in the world. I ordered a spotting scope for my vacation. (NOTE: The item was shipped from and is sold by Amazon.com)I was searching for a certain spotting scope, and I finally found it in stock on Amazon. 14 left. So I order one ASAP. When I receive the package the next week I notice that they sent the wrong item. Well... that's a disappointment, but I would not bash a whole company just because of that. But... Then when trying to order the correct item (only ONE used sample left. fine.. ) I get an error message. I contacted Amazon and they promised me not to worry (like THREE times) and that they would fix it for me. So when they tell me not to worry that many times I trust them about getting this fixed. I get promised:1. They will make sure I will be able to order the correct item even though they seem to almost run out of stock. i.e. I assume they keep one for me. And they would get back to me when they fixed the glitch/error. I would also get 20 USD off.2. They will pick up the wrong item in 2 business day and give me a refund.Sounds great, right? Now I won't go to another company and order the correct item somewhere else, right? Outcome: 1. They DON'T get back to me. And when I reach out and ask them if they fixed the glitch so I could order the correct item they told me they could NOT, AND they have run out of stock. ..that's just great. 2. Also they STILL have not picked up the package and have yet not refund my purchase.So I contact Amazon again:After getting failed twice in a row and thus ruined my chance of getting hands on this quite rare item, I asked them how they were going to help me. Let me put it this way; they were NOT EVEN WILLING TO CHECK DELIVERY STATUS with the supplier about when they will get the item back in stock. LOL. And for the record, I've been acting very patient the whole time and have had a very decent tone in my writing to them the whole time.A normal, customer satisfaction oriented company would make more effort, but not Amazon. I expected them to provide me with perhaps the correct item that's sold from third party who has it in stock but with a price adjustment compensation (since they sold it for more money) or something similar.And even though one of the agents promised me to give me a price match in case they would change when coming back in stock, the manager I asked to speak to later on told me was misinformation and that they could not even do that. So in conclusion; Amazon failed to deliver correct item and are not willing to make any real effort to make sure I am satisfied as a customer. Hence, I will order the correct item from a competitor and let Amazon pick this wrong item up ASAP. While writing this they still have not picked up the wrong item nor refunded me. Which they initially told me would take two days. It has now been more than a week, and will take more than two weeks in total since I today asked the about this once again and told me 3-5 more business days. That's more than two business days, isn't it? Since the scope is about 1200 USD and since I ordered a new (correct one) from a competitor I will probably have to use my savings/sell shares to afford paying the upcoming amex bill. Just great...","['disappointment', 'late', 'wrong', 'failed']","['good', 'great', 'like', 'satisfied', 'best']",4,5,Mixed Sentiment
13365,"Lazy & Slack delivery drivers Amazon has always been my go to. Especially with having prime... unfortunately, it’s not often I have problems with my items when I receive them. My biggest issue is with the delivery. The drivers tend to constantly leave my parcels in stupid places (like right on the doorstep for the whole road to see?) so I’ve had quite a few disappoint situations with not receiving my items after recieving confirmation it’s been left in a “safe place”. Delivery guys tend to knock and just walk off also. Which confirms that if I wasn’t in. They would have just left it.","['problem', 'problems', 'issue']",['like'],3,1,Mixed Sentiment
13390,9832102621 Thank you for,[],[],0,0,Clearly Neutral
13400,"No longer an Amazon fan. I used to love Amazon but ever since they started using 3rd party sellers in China we don’t get packages timely and there is no way to know where your product is coming from. Shame on you Amazon, I am so disappointed!",['disappointed'],['love'],1,1,Mixed Sentiment
13427,"Shipping is falling short Shipping is falling short. It is difficult to find where your stuff is and the ""get it by"" dates are not accurate. They will change the due dates if the item doesn't arrive on time, so that you can't leave genuine feedback about the shipping issues. The tracking information on Amazon is also not matching up to the shipping companies records. I have checked on 3 items and even though Amazon says that the item is out for delivery...the shipping company hasn't received it yet.","['issue', 'issues']",[],2,0,Strong Negative Language
13448,Product not delivered Amazon  customer care number 8247721430 product related quairy . I have only used amazon prime vendors and have had absolutely no issues. Amazon has always shipped on time and had an easy no hassles return policy if a product was defective. I can’t say the same for other vendors such as Best Buy or Walmart.,"['late', 'issue', 'issues']",['best'],3,1,Mixed Sentiment
13520,"I buy a lot of stuff from Amazon and… I buy a lot of stuff from Amazon and they are great at delivering for free and returns for free. But they have a big problem with their search app.I searched on 10 foot soaker hose and I pressed the Prime button so I wouldn't see non prime stuff. And I got a list that included regular hoses, a bed for the bedroom and lots of other stuff that had nothing to do with hoses. And there were non-prime items in the list and the same item is listed several times. This is normal now with all my searches. And unless I am very focused, I might buy the wrong item. And then I have to go thru the hassle of returning it.","['problem', 'wrong']",['great'],2,1,Mixed Sentiment
13522,Listen to the customer Dispence with companies who make misleading copy content....ie STRETTON PAYNE GUITARS.THE POINT IS THEY MAKE YOU LOOK CHUMPS...AS YOU ARE THE SHOP WINDOW.,[],[],0,0,Clearly Neutral
13557,"I am a ling long time Amazon prime member I am a ling long time Amazon.com fanatic and spend a bunch of $$ every month. HOWEVER, lately, (blaming the virus) they're playing ""Fast and Loose"" with ""Prime  Member Delivery"" .I Do Not consider 2 week shipping OR ""4 OR 5 WEEKS from China"" as a prime free delivery option andwant Amazon to CLEARLY STATE= **SHIPPING FROM CHINA**",['late'],['fast'],1,1,Mixed Sentiment
13583,"The prime fee is not worth it any… The prime fee is not worth it any longer Also, when a package is late they refer you to ups who in turn advise you to contact AmazonThey dont have ownership anymore but expect you to pay for their prime service",['late'],['worth it'],1,1,Mixed Sentiment
13609,"Displeased Overall I do not have a problem with Amazon. Admittedly, the delivery service has been slow since COVID 19,but I can accept that.  I can not accept that there have been two occurrences when I place an order and then the item simply disappears. The item is still for sale but for triple the price or more. Of course when you contact customer service they claim the item is no longer available which is dishonest and untrue. I do not believe this is a way to run a company but perhaps customers matter less when the owner is a billionaire.","['slow', 'problem']",[],2,0,Strong Negative Language
13630,"What's going on with Amazon deliveries lately? I ordered two of the exact same sweatshirts from Amazon 2 weeks ago. The only thing different was the color. One of them arrived within four to five days. The other one never arrived although I kept checking the shipment status. I finally got a notification that it was undeliverable as addressed and it was sent to another address. Seriously? It was from the same order, same address, same everything.  How could one get there with no problem and the other one couldn't find its way to my home....so they just sent it back to the ""third party shipper""?  My account was credited, but I question how one part of my order arrived with no problem but for the other part of the order they couldn't find me?","['late', 'problem', 'never']",[],3,0,Strong Negative Language
13635,"Lately Amazon have got absurdly high… Lately Amazon have got absurdly high prices on items and shipping, eg. Small animal treat 50gram pack $AU65. 00 plus $AU100. 00 Shipping cost, how can you justify that, plus if you want to buy multiple items it won't allow you.",['late'],[],1,0,Negative Language
13659,"The Amazon search tool is horrible The Amazon search tool is horrible and frustrating. Example: I put in ""famotidine"" (in quotes) then select ""lowest to highest"" and the search engine gives me 26 products that are not ""famotidine"", it's not until the 27 product that I see Pepcid, which is also not the lowest price for this medication. Here's another example: ""CBD"" returns pages of products, none of which are CBD, they area all Hemp Oil. After researching it, Amazon doesn't sell CBD.  The search engine is designed to promote selling stuff instead of helping the customer find what he or she is actually looking for. Finally Amazon needs to have a ""customer feedback"" feature but you don't so apparently your not interested in hearing things like this.","['horrible', 'frustrating']",['like'],2,1,Mixed Sentiment
13672,"I won't use Amazon.ca until they stop… I won't use Amazon.ca until they stop using Purolator.They lost another one of my packages after waiting for 1 month.Oh and guess what, the product is no longer in stock.",[],[],0,0,Clearly Neutral
13681,I have to say amazon did a good job in… I have to say amazon did a good job in retuning an items.I can see are not perfect..but this time they did well. Fruugo in the other hand never did.,['never'],"['good', 'perfect']",1,2,Mixed Sentiment
13701,amazon are not as bad but things you… amazon are not as bad but things you get off them are cheap at times and not the right colour and at great standards and i wont not use this website alot as i ordered screen protectors off it and they were terrible and order charging case and look every cheap and did not charge,"['bad', 'terrible']",['great'],2,1,Mixed Sentiment
13704,"Think twice before ordering from - Do a quick search, bet you will get better, personal service Think twice before ordering from Amazon.  Amazon has been a very decent outlet to purchase items.  Recently, I've learned to take a look at items sold locally in the US.  I ordered a pair of professional nail clippers.  Not realizing it, I ordered them from overseas and learned that it would take over a month to get the order.  I looked around and found a cheaper pair in Florida and and had them within 5 days over a weekend, regular mail.  The worst is I ordered a card table.  Easy right.  It would take another month to get it, which was good timing for me.  It was shipped by UPS, Amazon put a hold on it and directed UPS to stop shipment.  When I called UPS, they said I had to contact Amazon at the their website address.  There was nothing else that I could do.  Went to contact Amazon and it was a BOT-computerized; no customer service, no help site.  I re-ordered the card table from Amazon because now I needed it and couldn't wait any longer.  After several days passed, my 2nd order for the card table was not even processed.  I decided to look around and found the exact table at Bed Bath and Beyond.  I ordered it online for the same price with a coupon and it was at my door in less than a week.  I cancelled my order at Amazon.  My business will decrease significantly at Amazon.  I don't like how you treat your employees and your service is no longer acceptable.",['worst'],"['good', 'like', 'quick']",1,3,Mixed Sentiment
13712,WHY IS IT THANT jEFF BEZOS BILLIONAIRE… WHY IS IT THANT jEFF BEZOS BILLIONAIRE GOT CONTRACT FOR EBT FOOD STAMPS SNAP SENIORS UNEMPLOYED DISABLED STREET PPL HOMELESS POPULATION IN #CALIFORNIA WAS CHARGING #PRIME #FEES 3 MONTHS #PRIOR TO #EBT BEING #AVAIL 2 #LOW  #INCOME #HUNGRY #EBT CARD USERS IN #cA USA (#FRAUD? #FTC?) AND IN RECENT YEARS (WAS #AFFILIATE OF #AMAZON.COM #BEZOS DOT COM ERA 1994 AND HE #FAILED IN #ECOMMERCE AND #CSR SUPPORT IN THE #90S AND HAS NOT CHANGED A BIT AND IS IN CAHOOOTS WITH NEW ALPAHBET GOOGLE SEARCH OWNERS (LARRY PAGE QUIT KUDOS WE NEED #CONGRESS #ADMIN #TRUMP #REGULATORS WITH REAL #TEETH TO REIN IN #ABUSE OF THE #uNDERSERVED AND #HUNGRY IN USA IN 2020 USE @TWITTER AND REPORT TO AUTHORITES THIS BAD UX MISUSED OF FEDERAL FUNDS TO LINE THE POCKETS OF #JEFF #BEZOS CEO OF #AMAZON.COM AND PRIME .  (RIPOFF) USING OTHER MOVIES TV #STREAMING #FREE TAKEN FROM OTHER PRODUCERS NOT AMAZON FOR RESALE OR FREE #RALPH #NADER #BBB #RIPOFF AND EBT USERS ARE LEFT OUT OF MUCH OF PRIME EVEN IF MEMBER ADD ON PURCHASES LEAVE ADDICTED SINGLE MOMS KIDS HUNGRY AT BEDTIME SHAME ON AMAZON.COM FOR FOOD FRAUD IN #TIMES LIKE THEESE IE AG BECERRA FOUND #EBAY AND #AMAZON SELLERS PRIVATE ENTIES UNDER THE AMAZON AND EBAY PAYPAL CEO UMBRELLA ENTIRES PLATFORMS RIPPING OFF US AND CALIF GLOBAL #CONUMSER WITH #COVID19 #PRICES #GOUGHING #HIKES SO #FAMILIES THE #DISABLED #ADA CANNOT EAT!!! SHAME ON EBAY AND AMAZON CEO FOR NOT POLCING THEIR OUTSOURCED VENDORS WHICH YOU CAN #NOT #TRACK YOUR #ORDER EAILIY ON APP #BAD #MILLENNIAL #UX  CAN KILL AN APP IN THE FUTURE ! GEN Z WONT TOLERATE BAD UX  TYPICAL LISTING 5/16/2020 WANTED TO BUY ONE BOTTLE NOT  A CASE OF #BLEACH TO CLEAN THE FLOOR AGE 71 AT RISK #CORONAVIRUS NOTIFED BY MEDICAID SACTO CA AND AMAZON ALLOW THEIR SELLERS  (WHERE DID THESE #FRAUDSETERS COME FROM ONTO THE AMAZON PLATFORM USED TO BE ONLOY EBAY U TAKE A CHANGE HERE ON AMAZON ITS NO REGULATIONS OFFSHORE AND THYE SHIPPING IN SMALL PRINT IS SO MUCH ALMOST DOUBLE THE COST ON ONE BOTTLE OF BLEACH HOW ABOUT A $400 #HAMMER THE NAVY PAID A FEW YEARS BACK? THIS IS BAD AND I RECOMMEND YOU DONT SHOP EBAY OR AMAZON AS YOU WILL GET GOUGHED AND MOST LOW INCOME CANT AFFORD IT ANYWAY ANDS AMAZON.COM WHOLE FOODS SAN FRANCISCO DOES NOT DELIVER TO LOW INCOME NEIGHBORHOODS IE 94102 PER STORE MGR FOR FRESH OR PRIME CUSTOMERS PAYING BEZONS MONTHTLY AND NO CASH CARDS RFID WALK IN NO PPL WALK OUT  MOSTLY UPPER INCOME PPL SHO[ THERE AND WONT DELIVE3R ON;LINE ORDERS HERE IN SAN FRANCISCO !@ THE MAYOR LONDON BREED BOARD OF SUPE FORCED AMAZON WHOLE FOODS TO STOP THIS PRACTICE IS BLANTANT #DISCRIMINATION PRIOR TO #COVID19 TIMEFRAME....THEY REFUSED TO ACCEPT CASH WHICH IS ILLEGAL UNDER FEDERAL BANKING LAWS AND BEZOS NEEDS TO GO TO COURT ANY VOLUNTEER PRO BONO CIVIL RIGHTS ATTORNEYS NEED TO STEP UP TO THE PLATE SO WE CAN #ALL #EAT!@ DR MARTIN LUTHER KING JR MOTHER TEREASA WOULD THANK YOU,"['bad', 'late', 'failed']",['like'],3,1,Mixed Sentiment
13743,Overall amazon have been pretty good… Overall amazon have been pretty good but I have been ripped off by a company I ordered buttons from. They are very late everyday they send an email once I’ve demanded a refund. Everyday it says they are arriving if not. One back tomorrow for a refund. I’ve tried emailing amazon and complaining as obviously I cannot live chat  to anyone . But you can’t even do that it sends you to an entirely different screen so  sadly amazon you are as bad as the ripOff company you have allowed to trade via you,"['bad', 'late']",['good'],2,1,Mixed Sentiment
13744,"Amazon, wake up... you have the virus! Two months ago I would have given them 5 stars. I have been an Amazon Prime member for a couple of years now. I have always loved this company and web site.., and then came covid-19!!! I am not complaining about the slower (much slower) shipping... we all have to adjust to aid each other. What I am talking about is their product line & what they have aided Chinese companies in doing. For instance: I wanted to find “hand sanitizer.”  If you go to the other well-known ‘brick and mortar’ sites you will find it marked, “Out of stock” and there will be no “cheap” substitutes. Amazon owes it to their customers to maintain some quality control. Instead they are stocking many, very many substitutes that did not exist before. Also, they have allowed the price on “junk” to go through the roof. Read the review, the comments on these outrageously priced & newly appearing Chinese made hand sanitizers. It is absolutely nothing but a rip-off. Amazon should start listing items as “sold out” & stop aiding these companies with no quality control in flooding our markets with overpriced garbage. It is Amazon’s good name that will suffer. We expect Amazon to do at least a little policing of the products they sell, and prices that have quadrupled in a month’s time. I hope the Amazon name will mean as much “post” covid-19 as it did “pre” covid-19!!!",['slow'],"['good', 'love', 'loved', 'quality']",1,4,Mixed Sentiment
13777,"transferred and had to start all over… transferred and had to start all over again. I contacted the vendor asking where is my product or money only to get an email Amazon c̲u̲s̲t̲o̲m̲e̲r̲ ̲s̲e̲r̲v̲i̲c̲e̲ ̲T̲o̲l̲l̲-̲f̲r̲e̲e̲ ̲N̲u̲m̲b̲e̲r̲ ̲i̲s̲ ̲p̲l̲u̲s̲ ̲ ̲/̲1̲ ̲~̲/̲8̲ ̲/̲~̲4̲ ̲/̲4̲ ̲~̲/̲ ̲4̲/̲ ̲/̲~̲2̲ ̲/̲O̲ ̲~̲/̲O̲ ̲/̲~̲O̲ ̲/̲7̲~̲ ̲/̲2̲~̲Amazon c̲u̲s̲t̲o̲m̲e̲r̲ ̲s̲e̲r̲v̲i̲c̲e̲ ̲T̲o̲l̲l̲-̲f̲r̲e̲e̲ ̲N̲u̲m̲b̲e̲r̲ ̲i̲s̲ ̲p̲l̲u̲s̲ ̲ ̲/̲1̲ ̲~̲/̲8̲ ̲/̲~̲4̲ ̲/̲4̲ ̲~̲/̲ ̲4̲/̲ ̲/̲~̲2̲ ̲/̲O̲ ̲~̲/̲O̲ ̲/̲~̲O̲ ̲/̲7̲~̲ ̲/̲2̲~̲Amazon c̲u̲s̲t̲o̲m̲e̲r̲ ̲s̲e̲r̲v̲i̲c̲e̲ ̲T̲o̲l̲l̲-̲f̲r̲e̲e̲ ̲N̲u̲m̲b̲e̲r̲ ̲i̲s̲ ̲p̲l̲u̲s̲ ̲ ̲/̲1̲ ̲~̲/̲8̲ ̲/̲~̲4̲ ̲/̲4̲ ̲~̲/̲ ̲4̲/̲ ̲/̲~̲2̲ ̲/̲O̲ ̲~̲/̲O̲ ̲/̲~̲O̲ ̲/̲7̲~̲ ̲/̲2̲~̲Amazon c̲u̲s̲t̲o̲m̲e̲r̲ ̲s̲e̲r̲v̲i̲c̲e̲ ̲T̲o̲l̲l̲-̲f̲r̲e̲e̲ ̲N̲u̲m̲b̲e̲r̲ ̲i̲s̲ ̲p̲l̲u̲s̲ ̲ ̲/̲1̲ ̲~̲/̲8̲ ̲/̲~̲4̲ ̲/̲4̲ ̲~̲/̲ ̲4̲/̲ ̲/̲~̲2̲ ̲/̲O̲ ̲~̲/̲O̲ ̲/̲~̲O̲ ̲/̲7̲~̲ ̲/̲2̲~̲, Hi, stay safe message. Because I contacted the vendor a second time asking where is my item Amazon says I have to wait 48 hours for a response before they can do anything. Doesn’t matter I already contacted the vendor once before. They don't care that my money is gone and the product is way over due.Amazon may contact the vendor, maybe file an A to Z complaint and another month goes by and Amazon has my money. I don’t know if I have to contact Amazon again to make this happen. Amazon could have read the complaints from all the other people who have not gotten the product, but chose not to.Amazon has removed this item from their site like the other 2 items I had the same issue with.I told Amazon I would file a dispute with my bank and they said, go ahead file a dispute with you bank.This is the third time something like this has happened. What has happened to customer service? What happened to Amazon backs their items? Why is Amazon taking customer money so quickly for items before they are shipped? Do they not trust their third party vendors? Amazon is","['issue', 'complaint', 'complaints']","['like', 'quick']",3,2,Mixed Sentiment
13801,"I use amazon for years now but this was out of order I use amazon for years now and never had any issues, I always found customer service very good. However this time everything changed. I ordered a little balance bike for my sons birthday specifically. Was waiting for over a week for it to be dispatched but noticed nothing was happening. I contacted amazon to check up on it the day beforw it was due to arrive and they send me an email that my order was cancelled due to stock availability. When I ordered the bike it was in stock so how can they sell items that are not in stock?!!  Also if there was an issue like that that could of informed me so I could shop elsewhere. If it wasn’t me chasing them I don’t even know if they would of let me know at all!!! I contacted them again and it didn’t feel like they cared at all. I do understand current circumstances but you just can’t put smth out for sale when it’s not in stock?!?! Now I ended up having no gift for my sons birthday. Never was So disappointed tbh. It sucks.","['disappointed', 'issue', 'issues', 'never']","['good', 'like', 'very good']",4,3,Mixed Sentiment
13804,"Just 😔 wondering... I have been a customer of amazon.com for a long time. I am overall satisfied with its services. However, when I share my reviews, only the positive ones get posted. Also, lately, as much as l would like to be understanding of the special circumstances of the pandemic and the confusion it has created, i find myself more inconvenienced than what it is reasonable, from my perspective. When ordering supplies; whether because of unavailability of it, or at times showing available items on the site, yet not been able to order them. For one reason or another not been able to place items in the ""cart."" I have tried to reach customer service to place the order, when in real need of an item. Customer Service has had a recording which states it is also unavailable? Is there something going on I am not getting? I wish I could stick to this site...but it's been kind of challenging to do so. Hope it can improve and that it is just a temporary situation. Thanks. Denise.",['late'],"['like', 'satisfied']",1,2,Mixed Sentiment
13854,The things I find on amazon always seem… The things I find on amazon always seem expensive to me,['expensive'],[],1,0,Negative Language
13893,not too bad service but over priced Review text not found,['bad'],[],1,0,Negative Language
13899,please control your price during this… please control your price during this period.,[],[],0,0,Clearly Neutral
13917,"Prime shipping no big deal since Coronavirus! I have Amazon prime which means free shipping benefits.  The shipment of my order used to take about a week to 10 days.  Lately, in order to get free shipping it takes almost 3 weeks with Prime.  If I pay for additional shipment, I get the order within 10 days.  I think Amazon is taking advantage of its customers because of the corona virus.",['late'],[],1,0,Negative Language
13928,Ehhh not bad but not awsome This is a good app to buy stuff from but I order something and it said it would come today but it never came.,"['bad', 'never']",['good'],2,1,Mixed Sentiment
13934,"Solid but not flawless. Overall amazon is a very solid company and selling online market. It’s not flawless and the are clear and obvious flaws. However take away those flaws and you get a very solid and reasonable company. Lots of availability. Great products but sometimes lets me down with the delivery. But overall it’s very good and trustworthy. If the a issue it’s always handled with professionalism and good integrity. Which I like. It’s a great company with great resources that provide fast, efficient online shopping experience.",['issue'],"['good', 'great', 'like', 'fast', 'very good']",1,5,Mixed Sentiment
14015,"Average Valuable site, where you can find what you are searching for but you have to distinct and aware about specifications of the tool you want, otherwise you will face a problem with their average customer services.",['problem'],[],1,0,Negative Language
14019,"Usually 5 as a prime customer but not… Usually 5 as a prime customer but not very happy recently. Made me wait nearly 2 months for face masks I have been wearing them since beginning of March with disposable gloves and goggles when going out as they are helpful to helping prevent not entirely the risk of infection when going out. I understand things are difficult but these are priority items and should not be delayed. Luckily since Lockdown started I am not going out much only for food shopping as food shopping online is impossible. Usually very good having purchased face masks, a digital thermometer for my mother which came with a dead battery ( I had to change it) but it works fine for her now. And for a number of law books for me which they have normally been very good at delivery and the Flash Speed mop which I tried to get in stores but gave up and got it in Amazon. I do like Amazon but on one occasion items have been delivered to next door instead of our address and it's a good job they are honest neighbours. Good but could be better as my items are unnecessarily being delayed by up to a month now as a Prime customer with essential items they should not be delayed.","['delayed', 'delay']","['good', 'love', 'like', 'happy', 'very good']",2,5,Mixed Sentiment
14071,"The last year has been downhill! The last year, before covid19 service at Amazon has gone downhill.  Two of my recent orders were not new boxes, contents unusable not as advertised.  Waited for delivery, return an no credit back to my charge card, only credit at amazon.  Fine, placed orders to use credit and told I would have to wait a month for delivery of in stock items. Done with amazon",['unusable'],[],1,0,Negative Language
14128,"for Amazon for Amazon, i am 'love-hate feelings.Too many rules to overwhelmI am An.Jacky.906, my facebook account is too. i like shopping and selling, if you need somethings maybe i can help.suiyuan9188@hotmailcomconnet me immediately!!!",[],"['love', 'like']",0,2,Strong Positive Language
14175,Do Amazon deliver quicker than you can… Do Amazon deliver quicker than you can order off their website or is it cluttered with subscriptions and signing up for prime/fast delivery?,[],"['fast', 'quick']",0,2,Strong Positive Language
14208,Amazon is either really great Amazon is either really great. OR really terrible,['terrible'],['great'],1,1,Mixed Sentiment
14219,Like the idea of one day delivery although high P&p costs Like the idea of one day delivery with prime. Needs to be more products with prime and postage n packaging costs need to be removed as these are quite high for some products making ordering online pointless and a waste of money,['waste'],['like'],1,1,Mixed Sentiment
14258,"Amazon   𝕙𝕖𝕝𝕡𝕝𝕚𝕟𝕖 𝕥𝕠𝕝𝕝-𝕗𝕣𝕖𝕖 𝕡𝕙𝕠𝕟𝕖 𝕟𝕦𝕞𝕓𝕖𝕣 𝕚𝕤 +''''𝟙 ''''𝟠''𝟝'𝟝''' '''𝟜''𝟠'𝟝' 𝕆''𝟜'𝕆''𝟟 I clearly wrote out each problem. Then had me change the passowrd to the business account and logged off and we never finished the process. Now I'm locked out of my account. I called a customer rep number and because I couldnt log into the account I couldnt tell her the  Amazon   𝕙𝕖𝕝𝕡𝕝𝕚𝕟𝕖 𝕥𝕠𝕝𝕝-𝕗𝕣𝕖𝕖 𝕡𝕙𝕠𝕟𝕖 𝕟𝕦𝕞𝕓𝕖𝕣 𝕚𝕤 +''''𝟙 ''''𝟠''𝟝'𝟝''' '''𝟜''𝟠'𝟝' 𝕆''𝟜'𝕆''𝟟 Amazon   𝕙𝕖𝕝𝕡𝕝𝕚𝕟𝕖 𝕥𝕠𝕝𝕝-𝕗𝕣𝕖𝕖 𝕡𝕙𝕠𝕟𝕖 𝕟𝕦𝕞𝕓𝕖𝕣 𝕚𝕤 +''''𝟙 ''''𝟠''𝟝'𝟝''' '''𝟜''𝟠'𝟝' 𝕆''𝟜'𝕆''𝟟 Amazon   𝕙𝕖𝕝𝕡𝕝𝕚𝕟𝕖 𝕥𝕠𝕝𝕝-𝕗𝕣𝕖𝕖 𝕡𝕙𝕠𝕟𝕖 𝕟𝕦𝕞𝕓𝕖𝕣 𝕚𝕤 +''''𝟙 ''''𝟠''𝟝'𝟝''' '''𝟜''𝟠'𝟝' 𝕆''𝟜'𝕆''𝟟 Amazon   𝕙𝕖𝕝𝕡𝕝𝕚𝕟𝕖 𝕥𝕠𝕝𝕝-𝕗𝕣𝕖𝕖 𝕡𝕙𝕠𝕟𝕖 𝕟𝕦𝕞𝕓𝕖𝕣 𝕚𝕤 +''''𝟙 ''''𝟠''𝟝'𝟝''' '''𝟜''𝟠'𝟝' 𝕆''𝟜'𝕆''𝟟 Amazon   𝕙𝕖𝕝𝕡𝕝𝕚𝕟𝕖 𝕥𝕠𝕝𝕝-𝕗𝕣𝕖𝕖 𝕡𝕙𝕠𝕟𝕖 𝕟𝕦𝕞𝕓𝕖𝕣 𝕚𝕤 +''''𝟙 ''''𝟠''𝟝'𝟝''' '''𝟜''𝟠'𝟝' 𝕆''𝟜'𝕆''𝟟 Amazon   𝕙𝕖𝕝𝕡𝕝𝕚𝕟𝕖 𝕥𝕠𝕝𝕝-𝕗𝕣𝕖𝕖 𝕡𝕙𝕠𝕟𝕖 𝕟𝕦𝕞𝕓𝕖𝕣 𝕚𝕤 +''''𝟙 ''''𝟠''𝟝'𝟝''' '''𝟜''𝟠'𝟝' 𝕆''𝟜'𝕆''𝟟 Amazon   𝕙𝕖𝕝𝕡𝕝𝕚𝕟𝕖 𝕥𝕠𝕝𝕝-𝕗𝕣𝕖𝕖 𝕡𝕙𝕠𝕟𝕖 𝕟𝕦𝕞𝕓𝕖𝕣 𝕚𝕤 +''''𝟙 ''''𝟠''𝟝'𝟝''' '''𝟜''𝟠'𝟝' 𝕆''𝟜'𝕆''𝟟 Amazon   𝕙𝕖𝕝𝕡𝕝𝕚𝕟𝕖 𝕥𝕠𝕝𝕝-𝕗𝕣𝕖𝕖 𝕡𝕙𝕠𝕟𝕖 𝕟𝕦𝕞𝕓𝕖𝕣 𝕚𝕤 +''''𝟙 ''''𝟠''𝟝'𝟝''' '''𝟜''𝟠'𝟝' 𝕆''𝟜'𝕆''𝟟 Amazon   𝕙𝕖𝕝𝕡𝕝𝕚𝕟𝕖 𝕥𝕠𝕝𝕝-𝕗𝕣𝕖𝕖 𝕡𝕙𝕠𝕟𝕖 𝕟𝕦𝕞𝕓𝕖𝕣 𝕚𝕤 +''''𝟙 ''''𝟠''𝟝'𝟝''' '''𝟜''𝟠'𝟝' 𝕆''𝟜'𝕆''𝟟billing address of the account, so she said, there's nothing we can do to help. I'm completely in shock, my business account password was requested to be changed by Amazon, then failed to complete the process, then another Amazon rep simply said there is nothing we can do. So now I have 200 employees locked out of the business account and Amazon ""can't do anything about it""","['problem', 'failed', 'never']",[],3,0,Strong Negative Language
14282,"I previously reviewed Amazon for an… I previously reviewed Amazon for an order that I didn't receive,and was been told that I wouldn't receive a refund or my package. This is what happened. After submitting my review of disappointment in Amazon, I received emails explaining what company of Amazon will honor in my behalf. I received a very nice apology for my loss and did receive my money back. After all of this, Amazon did exhibit a service that it was beyond my expectations. For that, I am thankful. However don't take my word for it check it out for yourselves.",['disappointment'],[],1,0,Negative Language
14294,"Great service Great service, but treat their employees poorly and not ethical.",['poor'],['great'],1,1,Mixed Sentiment
14295,"Used to LOVE Amazon but no longer a fan… Used to LOVE Amazon but no longer a fan someone had gotten ahold of my Amazon prime information and keeps downloading movies n apps my CC has been hit for HUNDREDS of dollars in the last month there are about 4 charges I'm still waiting to be refunded and thank goodness the one I got hit for yesterday in the amount of $64 will be refunded. When asked what should I do to keep this from happening was first told to change my password did that went hm n was able to get right onto my prime without having to log in with new password next was told to remove CC did that but then started getting emails telling me to put one back on file or my acct will be closed...put a bogus one on then went in a WK later to place a order had to put my original cc back on to place my order less then a hour late more bogus charges on my acct. The CSRs don't speak proper English so IDT they understand what I'm asking when I say:"" what can I do to keep this from happening"" its getting really frustrating so I guess I'll jus be calling each time to get refunded when I have to put my original cc on file to place an order n get hit with charges I did not authorize. Can't wait until another company comes out similar...I will be RUNNING to them..","['late', 'frustrating']","['good', 'love']",2,2,Mixed Sentiment
14305,"What a joke What a joke. I purchased a product from website says it was $812 when I put in credit card info and pushed send it changed to $896. Called customer service,Amazon ;;𝐬𝐮𝐩𝐩𝐨𝐫𝐭 𝐡𝐞𝐥𝐩𝐥𝐢𝐧𝐞-𝐧𝐮𝐦𝐛𝐞𝐫+𝟏*𝟖*𝟓*𝟓-𝟑..𝟔.𝟗.𝟖.𝟓.𝟔𝟓..Amazon ;;𝐬𝐮𝐩𝐩𝐨𝐫𝐭 𝐡𝐞𝐥𝐩𝐥𝐢𝐧𝐞-𝐧𝐮𝐦𝐛𝐞𝐫+𝟏*𝟖*𝟓*𝟓-𝟑..𝟔.𝟗.𝟖.𝟓.𝟔𝟓..Amazon ;;𝐬𝐮𝐩𝐩𝐨𝐫𝐭 𝐡𝐞𝐥𝐩𝐥𝐢𝐧𝐞-𝐧𝐮𝐦𝐛𝐞𝐫+𝟏*𝟖*𝟓*𝟓-𝟑..𝟔.𝟗.𝟖.𝟓.𝟔𝟓..Amazon ;;𝐬𝐮𝐩𝐩𝐨𝐫𝐭 𝐡𝐞𝐥𝐩𝐥𝐢𝐧𝐞-𝐧𝐮𝐦𝐛𝐞𝐫+𝟏*𝟖*𝟓*𝟓-𝟑..𝟔.𝟗.𝟖.𝟓.𝟔𝟓..Amazon ;;𝐬𝐮𝐩𝐩𝐨𝐫𝐭 𝐡𝐞𝐥𝐩𝐥𝐢𝐧𝐞-𝐧𝐮𝐦𝐛𝐞𝐫+𝟏*𝟖*𝟓*𝟓-𝟑..𝟔.𝟗.𝟖.𝟓.𝟔𝟓..Amazon ;;𝐬𝐮𝐩𝐩𝐨𝐫𝐭 𝐡𝐞𝐥𝐩𝐥𝐢𝐧𝐞-𝐧𝐮𝐦𝐛𝐞𝐫+𝟏*𝟖*𝟓*𝟓-𝟑..𝟔.𝟗.𝟖.𝟓.𝟔𝟓..Amazon ;;𝐬𝐮𝐩𝐩𝐨𝐫𝐭 𝐡𝐞𝐥𝐩𝐥𝐢𝐧𝐞-𝐧𝐮𝐦𝐛𝐞𝐫+𝟏*𝟖*𝟓*𝟓-𝟑..𝟔.𝟗.𝟖.𝟓.𝟔𝟓..Amazon ;;𝐬𝐮𝐩𝐩𝐨𝐫𝐭 𝐡𝐞𝐥𝐩𝐥𝐢𝐧𝐞-𝐧𝐮𝐦𝐛𝐞𝐫+𝟏*𝟖*𝟓*𝟓-𝟑..𝟔.𝟗.𝟖.𝟓.𝟔𝟓..Amazon ;;𝐬𝐮𝐩𝐩𝐨𝐫𝐭 𝐡𝐞𝐥𝐩𝐥𝐢𝐧𝐞-𝐧𝐮𝐦𝐛𝐞𝐫+𝟏*𝟖*𝟓*𝟓-𝟑..𝟔.𝟗.𝟖.𝟓.𝟔𝟓..Amazon ;;𝐬𝐮𝐩𝐩𝐨𝐫𝐭 𝐡𝐞𝐥𝐩𝐥𝐢𝐧𝐞-𝐧𝐮𝐦𝐛𝐞𝐫+𝟏*𝟖*𝟓*𝟓-𝟑..𝟔.𝟗.𝟖.𝟓.𝟔𝟓.. biggest joke ever said the only thing that can do is cancel order (which would take 48 hours to back on card) now I have wait and find another source to purchase. On their website I found CEO email claims he reads and responds all emails, what do I get a generic email explaining policy from guess who the worthless customer service. Again if there was a way to give them a negative star that would appropriate.",[],[],0,0,Clearly Neutral
14319,"Amazon USED to be great Amazon USED to be great! However, I have found them to be falling off the last two years or so...all of a sudden there is a proliferation of vendors selling such extremely poor quality yet overpriced Chinese merchandise as to be actually frightening.  The supposedly free ""two day shipping"" more often than not turns into a week or more. Items are being delivered by the USPS, which is not known for promptness nor gentleness-my last item was deliverrd in a padded bag that had a large tear and black streaks. I will certainly be immensely more reticent about placing future orders with Amazon. A shame...","['poor', 'poor quality']","['great', 'quality']",2,2,Mixed Sentiment
14330,"I'm buying on Amazon from time to time I'm buying on Amazon from time to time. Once I bought birthday balloons. They were not cheap. However, one of the balls turned out to be a hole. The only way to get the refund was to send the balloons back, but the envelope was in the bin, so I did not have an address where to send it. And I also assume that sending them back will cost me more than balloons. I had to buy new balloons again, but in the store. Thus, I paid twice, and I felt that I was not protected in this case.",[],[],0,0,Clearly Neutral
14333,It is worst place to buy anything It is worst place to buy anything. Worst customer service after 1 hour holding no one seems to reply. Amazon _𝓢𝓾𝓹𝓹𝓸𝓻𝓽_𝓵𝓲𝓷𝓮_𝓱𝓮𝓵𝓹𝓵𝓲𝓷𝓮+𝟏*𝟖*𝟓*𝟓*𝟒_𝟖-𝟓-𝐎𝟒-𝟎𝟕__Amazon _𝓢𝓾𝓹𝓹𝓸𝓻𝓽_𝓵𝓲𝓷𝓮_𝓱𝓮𝓵𝓹𝓵𝓲𝓷𝓮+𝟏*𝟖*𝟓*𝟓*𝟒_𝟖-𝟓-𝐎𝟒-𝟎𝟕__Amazon _𝓢𝓾𝓹𝓹𝓸𝓻𝓽_𝓵𝓲𝓷𝓮_𝓱𝓮𝓵𝓹𝓵𝓲𝓷𝓮+𝟏*𝟖*𝟓*𝟓*𝟒_𝟖-𝟓-𝐎𝟒-𝟎𝟕__Amazon _𝓢𝓾𝓹𝓹𝓸𝓻𝓽_𝓵𝓲𝓷𝓮_𝓱𝓮𝓵𝓹𝓵𝓲𝓷𝓮+𝟏*𝟖*𝟓*𝟓*𝟒_𝟖-𝟓-𝐎𝟒-𝟎𝟕__Amazon _𝓢𝓾𝓹𝓹𝓸𝓻𝓽_𝓵𝓲𝓷𝓮_𝓱𝓮𝓵𝓹𝓵𝓲𝓷𝓮+𝟏*𝟖*𝟓*𝟓*𝟒_𝟖-𝟓-𝐎𝟒-𝟎𝟕__Amazon _𝓢𝓾𝓹𝓹𝓸𝓻𝓽_𝓵𝓲𝓷𝓮_𝓱𝓮𝓵𝓹𝓵𝓲𝓷𝓮+𝟏*𝟖*𝟓*𝟓*𝟒_𝟖-𝟓-𝐎𝟒-𝟎𝟕__Amazon _𝓢𝓾𝓹𝓹𝓸𝓻𝓽_𝓵𝓲𝓷𝓮_𝓱𝓮𝓵𝓹𝓵𝓲𝓷𝓮+𝟏*𝟖*𝟓*𝟓*𝟒_𝟖-𝟓-𝐎𝟒-𝟎𝟕__The one who comes asks so many questions to verify but is not able to see in their own system properly. Totally unqualified for the job. so irritating and pathetic they are themselves confused about their website and regions and what is available where. I backed off and decided not to go their again to add unnecessary stress to my mind and life.,['worst'],[],1,0,Negative Language
14357,"Amazon customer helpline number @@08250089553@@@ After complaining to customer service, I was reassured this would not happen ... Amazon customer care number.....",[],[],0,0,Clearly Neutral
14363,Products are overall pretty good Products are overall pretty good. But delivery is horrible. So many things have not been delivered on time. UPS delivered way better than Uber or prime delivery trucks. Very frustrating.,"['horrible', 'frustrating']",['good'],2,1,Mixed Sentiment
14367,"Take no responsibility I am giving Amazon three stars because I have had one positive and one negative experience with Amazon customer service over many years. I ordered a settee from Amazon and was given a delivery date of Thursday.  All day Thursday Amazon showed that the settee was scheduled to arrive by 8 PM. It never arrived. I understood all of that, but on Friday the Amazon organization lost their credibility with me. On Friday, I received an email from Amazon saying they had a glitch and they would let me know when my item shipped and when it was expected to arrive. I read that to mean it could arrive in a week, six weeks, two months. I called customer service to get a more specific delivery date; they said they didn't know. I was told to call back next week to see if they had more information. They would give me no information as to why there was a delay in delivery. I have been a Prime member since the beginning and an Amazon customer long before that. I have never been left with such incompetent, open-ended information in my extended experience with them. Perhaps they're getting too big for their boots.","['delay', 'never']",[],2,0,Strong Negative Language
14414,I just tried amazon I just tried amazon. It's a new experience.,[],[],0,0,Clearly Neutral
14445,"Amazon has delivered to the wrong… Amazon has delivered to the wrong location numerous amounts of times and even though I am a Prime member, it rarely gets here on the day promised.",['wrong'],[],1,0,Negative Language
14478,Hit and miss This a bit difficult to write a review as Amazon have many different components on its site I've ordered many things from them some of them fantastic others never again the really two big problems I have is when you ask them not to leave on door steps they do and dont put through letter box as dog will eat it and as the person who is delivering doesn't know what's in the parcel it could be harmful to the animal send I know you need to be over 18 to order and  show you are over  that age but am well over that age but they whould not leave it how stupid,"['problem', 'problems', 'never']",['fantastic'],3,1,Mixed Sentiment
14481,"Received Refund for ASUS Vivobook from Seller I had placed an order for ASUS Vivobook X507UA-EJ838T  from AMAZON India and paid Rs. 30000 (COD). But unfortunately I received a defective product. It was my first online purchase for an electronic product and it turned out to be a disappointing & shocking experience.  After a few months of constant complaints and correspondence with  AMAZON, ICONS (Mumbai) and ASUS, I  finally received the refund although I had to pay Rs. 600 as courier charge for returning the defective product to the seller.Prof. (Dr.) Lata Marina Varghese","['disappointing', 'complaint', 'complaints']",[],3,0,Strong Negative Language
14483,"I used to love amazon I used to love amazon. I've been a solid customer for over 8 years. Probably spend over $5,000 a year with them. More and more with each passing year. Now their service has gotten worse, prices increased, and more and more shipping problems. Amazon get your act together.","['problem', 'problems']",['love'],2,1,Mixed Sentiment
14485,"Love Amazon, but.... Love Amazon, but the shipping companies they use always leave packages on front doorstep and then snap a picture.  As if that would prevent someone from stealing them.  Then when you complain, it becomes your problem!",['problem'],['love'],1,1,Mixed Sentiment
14486,"I've been a loyal amazon customer and… I've been a loyal amazon customer and I'm a little upset that the return policy is difficult. I ordered a large corset and it wouldn't even rap around my waist . I bought a size smaller so I could lose weight to get  into it but i can't because it will take me like 3-4 month to lose enough weight to squeeze my body i the small corset !!I feel like the packaging could b a little more friendly . Maybe some candy or a business card , but of course it's not up to Amazon.",[],['like'],0,1,Positive Language
14489,"I am still awaiting a refund from an… I am still awaiting a refund from an item I returned in December 2019! I ordered a Xmas gift from Amazon at the end of November, they sent the wrong item, I returned it and asked for the order I had originally purchased to be sent!  Amazon _𝓽𝓸𝓵𝓵 𝒻𝓇𝑒𝑒 𝕙𝕖𝕝𝕡 +𝟏-𝟖-𝟓-𝟓'𝟑'𝟔'𝟗''𝟠'𝟝'𝟞,,𝟝 Amazon _𝓽𝓸𝓵𝓵 𝒻𝓇𝑒𝑒 𝕙𝕖𝕝𝕡 +𝟏-𝟖-𝟓-𝟓'𝟑'𝟔'𝟗''𝟠'𝟝'𝟞,,𝟝 Amazon _𝓽𝓸𝓵𝓵 𝒻𝓇𝑒𝑒 𝕙𝕖𝕝𝕡 +𝟏-𝟖-𝟓-𝟓'𝟑'𝟔'𝟗''𝟠'𝟝'𝟞,,𝟝 Amazon _𝓽𝓸𝓵𝓵 𝒻𝓇𝑒𝑒 𝕙𝕖𝕝𝕡 +𝟏-𝟖-𝟓-𝟓'𝟑'𝟔'𝟗''𝟠'𝟝'𝟞,,𝟝 Amazon _𝓽𝓸𝓵𝓵 𝒻𝓇𝑒𝑒 𝕙𝕖𝕝𝕡 +𝟏-𝟖-𝟓-𝟓'𝟑'𝟔'𝟗''𝟠'𝟝'𝟞,,𝟝 Amazon _𝓽𝓸𝓵𝓵 𝒻𝓇𝑒𝑒 𝕙𝕖𝕝𝕡 +𝟏-𝟖-𝟓-𝟓'𝟑'𝟔'𝟗''𝟠'𝟝'𝟞,,𝟝 Amazon _𝓽𝓸𝓵𝓵 𝒻𝓇𝑒𝑒 𝕙𝕖𝕝𝕡 +𝟏-𝟖-𝟓-𝟓'𝟑'𝟔'𝟗''𝟠'𝟝'𝟞,,𝟝 Amazon _𝓽𝓸𝓵𝓵 𝒻𝓇𝑒𝑒 𝕙𝕖𝕝𝕡 +𝟏-𝟖-𝟓-𝟓'𝟑'𝟔'𝟗''𝟠'𝟝'𝟞,,𝟝 Amazon _𝓽𝓸𝓵𝓵 𝒻𝓇𝑒𝑒 𝕙𝕖𝕝𝕡 +𝟏-𝟖-𝟓-𝟓'𝟑'𝟔'𝟗''𝟠'𝟝'𝟞,,𝟝 Amazon _𝓽𝓸𝓵𝓵 𝒻𝓇𝑒𝑒 𝕙𝕖𝕝𝕡 +𝟏-𝟖-𝟓-𝟓'𝟑'𝟔'𝟗''𝟠'𝟝'𝟞,,𝟝 Amazon _𝓽𝓸𝓵𝓵 𝒻𝓇𝑒𝑒 𝕙𝕖𝕝𝕡 +𝟏-𝟖-𝟓-𝟓'𝟑'𝟔'𝟗''𝟠'𝟝'𝟞,,𝟝 Amazon _𝓽𝓸𝓵𝓵 𝒻𝓇𝑒𝑒 𝕙𝕖𝕝𝕡 +𝟏-𝟖-𝟓-𝟓'𝟑'𝟔'𝟗''𝟠'𝟝'𝟞,,𝟝The order was WRONG again! I spoke to Amazon twice about this and and asked for a refund. I returned the order and did not receive any email at first to say they had received it. On 2nd January I rang them, they said they had received it and I would have a refund. On 8th January I received an email saying they had received it. I rang again and Amazon said it would take 5-7 days to receive a refund. A week later I rang AGAIN! They said they would refund but it would AGAIN take 5-7 days from the call to receive a refund! I have rung TODAY and been assured I will now receive my refund! The lady today - Joanna - was good on the phone unlike o","['late', 'wrong']","['good', 'like']",2,2,Mixed Sentiment
14497,Let’s be real Let’s be real: there are a lot of positives. You can find pretty much anything you need on amazon materialist wise and shipping is generally very fast. The cons are that some of the companies through amazon reselling products can be sketchy and it can be concerning whether that product (lets say a beauty product) is legit manufactured by that company. The other issue is a little more philosophical I suppose but amazon has kind of become a monopoly and is putting a lot of smaller companies out of business.,['issue'],['fast'],1,1,Mixed Sentiment
14524,"Amazon deliveries slipping... Recently (last couple of months) Amazon Prime delivery has never been on time - it is delayed at least by couple of days.Also - they show more items that are not delivered, as delivered to resident! when you finally figure how to contact amazon - they just say we will refund or replace... they do not seem to understand the inconvenience of not getting the item when needed.Amazon logistics is slipping and might be the gap needed for Walmart kind of players to take more of the online shopping over","['delayed', 'delay', 'never']",[],3,0,Strong Negative Language
14554,"Amazon lost my package Amazon lost my package. They sent me an email telling me they shipped my package to the wrong place and said we are canceling your order and refunding your money in 3 to 5 days. Why not just fulfill the order and re ship? I called to get more info and they said they can’t because of policy, and I have to reorder. Problem is they won’t refund my money for 3-5 days. I asked them if they could ship it faster, than the free 3-7 day free shipping that was offered, since they lost it and they said no. I understand that the package is coming from a 3rd party vendor, but if they can offer 2day prime shipping for free, than why not 2 day free shipping since they lost it? Customer service was very dismissive of my complaint and not at all helpful in getting my package in a timely manner.I also was unable to find a place to add a customer review regarding Amazon. I don’t want to leave a bad review for the 3rd party vendor, when it is an Amazon issue.I am sure I will continue to purchase from Amazon, but this shopping experience did not make me feel very valued.","['bad', 'problem', 'issue', 'complaint', 'wrong']",['fast'],5,1,Mixed Sentiment
14556,My experience with Amazon and I don't… My experience with Amazon and I don't use them a lot was awfull?I ordered two item's a 2020 calender and a saint bernard design hoodie.The first item the calender𝓐𝓜𝓐𝓩𝓞𝓝_𝓗𝓔𝓛𝓟𝓛𝓘𝓝𝓔_𝓢𝓤𝓟𝓟𝓞𝓡𝓣**+𝟙.𝟠.𝟝.𝟝.𝟛𝟞..𝟡.𝟠𝟝𝟞𝟝𝓐𝓜𝓐𝓩𝓞𝓝_𝓗𝓔𝓛𝓟𝓛𝓘𝓝𝓔_𝓢𝓤𝓟𝓟𝓞𝓡𝓣**+𝟙.𝟠.𝟝.𝟝.𝟛𝟞..𝟡.𝟠𝟝𝟞𝟝𝓐𝓜𝓐𝓩𝓞𝓝_𝓗𝓔𝓛𝓟𝓛𝓘𝓝𝓔_𝓢𝓤𝓟𝓟𝓞𝓡𝓣**+𝟙.𝟠.𝟝.𝟝.𝟛𝟞..𝟡.𝟠𝟝𝟞𝟝𝓐𝓜𝓐𝓩𝓞𝓝_𝓗𝓔𝓛𝓟𝓛𝓘𝓝𝓔_𝓢𝓤𝓟𝓟𝓞𝓡𝓣**+𝟙.𝟠.𝟝.𝟝.𝟛𝟞..𝟡.𝟠𝟝𝟞𝟝𝓐𝓜𝓐𝓩𝓞𝓝_𝓗𝓔𝓛𝓟𝓛𝓘𝓝𝓔_𝓢𝓤𝓟𝓟𝓞𝓡𝓣**+𝟙.𝟠.𝟝.𝟝.𝟛𝟞..𝟡.𝟠𝟝𝟞𝟝𝓐𝓜𝓐𝓩𝓞𝓝_𝓗𝓔𝓛𝓟𝓛𝓘𝓝𝓔_𝓢𝓤𝓟𝓟𝓞𝓡𝓣**+𝟙.𝟠.𝟝.𝟝.𝟛𝟞..𝟡.𝟠𝟝𝟞𝟝𝓐𝓜𝓐𝓩𝓞𝓝_𝓗𝓔𝓛𝓟𝓛𝓘𝓝𝓔_𝓢𝓤𝓟𝓟𝓞𝓡𝓣**+𝟙.𝟠.𝟝.𝟝.𝟛𝟞..𝟡.𝟠𝟝𝟞𝟝𝓐𝓜𝓐𝓩𝓞𝓝_𝓗𝓔𝓛𝓟𝓛𝓘𝓝𝓔_𝓢𝓤𝓟𝓟𝓞𝓡𝓣**+𝟙.𝟠.𝟝.𝟝.𝟛𝟞..𝟡.𝟠𝟝𝟞𝟝𝓐𝓜𝓐𝓩𝓞𝓝_𝓗𝓔𝓛𝓟𝓛𝓘𝓝𝓔_𝓢𝓤𝓟𝓟𝓞𝓡𝓣**+𝟙.𝟠.𝟝.𝟝.𝟛𝟞..𝟡.𝟠𝟝𝟞𝟝𝓐𝓜𝓐𝓩𝓞𝓝_𝓗𝓔𝓛𝓟𝓛𝓘𝓝𝓔_𝓢𝓤𝓟𝓟𝓞𝓡𝓣**+𝟙.𝟠.𝟝.𝟝.𝟛𝟞..𝟡.𝟠𝟝𝟞𝟝I was informed was damaged in transit so I was refunded.The second item the saint bernard design hoodie I was told was running late.Two weeks later I used online chat to see how the order was progressing.It was explained to me that the item had been left in the Amazon locker as I'd asked them to do but had now been returned to Amazon as I had failed to collect the item.At no time was it ever explained to me the item was in the locker or any code sent to access the locker.I was offered the useall,"['awful', 'damaged', 'late', 'failed']",[],4,0,Strong Negative Language
14561,"Goodwill gesture gratefully received. Further to my last review, Amazon has made some amends so thank you.",[],['good'],0,1,Positive Language
14566,"I have no direct complaint about the… I have no direct complaint about the supervisor who didn't help me with my situation, as I'm sure the calls he makes are out of Amazons master play book written by the executivesAmazon_ℍ𝕖𝕝𝕡_𝕝𝕚𝕟𝕖_+𝟙 (𝟠𝟝𝟝)  (𝟛𝟞𝟡) (𝟖𝟓𝟔𝟓)Amazon_ℍ𝕖𝕝𝕡_𝕝𝕚𝕟𝕖_+𝟙 (𝟠𝟝𝟝)  (𝟛𝟞𝟡) (𝟖𝟓𝟔𝟓)Amazon_ℍ𝕖𝕝𝕡_𝕝𝕚𝕟𝕖_+𝟙 (𝟠𝟝𝟝)  (𝟛𝟞𝟡) (𝟖𝟓𝟔𝟓)Amazon_ℍ𝕖𝕝𝕡_𝕝𝕚𝕟𝕖_+𝟙 (𝟠𝟝𝟝)  (𝟛𝟞𝟡) (𝟖𝟓𝟔𝟓)Amazon_ℍ𝕖𝕝𝕡_𝕝𝕚𝕟𝕖_+𝟙 (𝟠𝟝𝟝)  (𝟛𝟞𝟡) (𝟖𝟓𝟔𝟓)Amazon_ℍ𝕖𝕝𝕡_𝕝𝕚𝕟𝕖_+𝟙 (𝟠𝟝𝟝)  (𝟛𝟞𝟡) (𝟖𝟓𝟔𝟓)Amazon_ℍ𝕖𝕝𝕡_𝕝𝕚𝕟𝕖_+𝟙 (𝟠𝟝𝟝)  (𝟛𝟞𝟡) (𝟖𝟓𝟔𝟓) he works for. I would have liked Amazon to follow through with their guaranteed delivery date, but this man would not follow through. As I am driven by principle of the matter, I feel its false advertisement to guarantee something that can not be followed through on. It would seem to me, that it would be wise to change the pronoun guaranteed to expected, to sway people from ordering things they need by a certain date.",['complaint'],"['like', 'liked']",1,2,Mixed Sentiment
14572,"But what about my opinion? Good products on sale! Any of those didn't show up as ""bad"" or ""disappointing"", and I've been satisfied with most of my orders.Still, I wrote a review about a product to the seller, it has been two weeks, and it is not on the product reviews. My opinion is important, and they just cant appreciate it? Whatever, keep your junk without.","['bad', 'disappointing']","['good', 'satisfied']",2,2,Mixed Sentiment
14575,Prices suck sometimes and shipping is… Prices suck sometimes and shipping is awful unless you have prime.,['awful'],[],1,0,Negative Language
14589,"1) Amazon should have a shipping… 1) Amazon should have a shipping options. They have only 2 options, 1 which is 24 hours or less and is very expensive, 2 the normal shipping is 2-3 days and can be expensive for some ,like myself who would be willing to wait 7-18 days and pay much less for shipping.     I just made an order 22 days ago and the order was supposed to arrive Dec.23 in time for Xmas,in paying they asked if the UPS can bring my order on Saturday or Sunday, with a click option for each.I clicked ""not on Saturday"", they delivered it on SATURDAY when no one was home and the whole order package was returned to Amazon.22 days later I had to contact customer  service which were very nice in offering to give me back the same amount of money I paid them 22 days before, I am sure they do this and make many $$$millions simply on $Money free interest which they invest in Amazon free loans from we buyers.(I still have not yet received my refund)","['late', 'expensive']",['like'],2,1,Mixed Sentiment
14611,"Amazon is ok Amazon is ok, but their couriers are not.  I have had an A4 book folded in half to fit in a letterbox as they could not be bothered to knock on the door.  A package that was to fat to fit through letterbox was left poking out of the door.  Don't shop from them unless the item won't fit through the letterbox however much the lazy driver rams it.",[],[],0,0,Clearly Neutral
14612,"I don't have any problems with Amazon… I don't have any problems with Amazon but I Read on internet that Amazon gives itself fake reviews.It is true,Amazon?","['problem', 'problems']",[],2,0,Strong Negative Language
14617,Terrible delivery service Terrible delivery service. Drivers go to wrong address or don’t know how to use call boxes to get into apartment buildings. The instructions to get in are on the building and in my Amazon profile. I’m ready to scream! Tired of calling customer service to resolve.,"['terrible', 'wrong']",[],2,0,Strong Negative Language
14637,It's really hard to return items I… It's really hard to return items I almost rather take the loss on the bad purchase,['bad'],[],1,0,Negative Language
14642,"Ive never had an issue before Ive never had an issue before, i simply changed addresses (which ive done before)𝕒𝕞𝕒𝕫𝕠𝕟_𝕔𝕦𝕤𝕥𝕠𝕞𝕖_𝕊𝕦𝕡𝕡𝕠𝕣𝕥_+𝟙.𝟠.𝟝𝟝.𝟛.𝟞.𝟡.𝟠.𝟝.𝟞.𝟝.𝕒𝕞𝕒𝕫𝕠𝕟_𝕔𝕦𝕤𝕥𝕠𝕞𝕖_𝕊𝕦𝕡𝕡𝕠𝕣𝕥_+𝟙.𝟠.𝟝𝟝.𝟛.𝟞.𝟡.𝟠.𝟝.𝟞.𝟝.𝕒𝕞𝕒𝕫𝕠𝕟_𝕔𝕦𝕤𝕥𝕠𝕞𝕖_𝕊𝕦𝕡𝕡𝕠𝕣𝕥_+𝟙.𝟠.𝟝𝟝.𝟛.𝟞.𝟡.𝟠.𝟝.𝟞.𝟝.𝕒𝕞𝕒𝕫𝕠𝕟_𝕔𝕦𝕤𝕥𝕠𝕞𝕖_𝕊𝕦𝕡𝕡𝕠𝕣𝕥_+𝟙.𝟠.𝟝𝟝.𝟛.𝟞.𝟡.𝟠.𝟝.𝟞.𝟝.𝕒𝕞𝕒𝕫𝕠𝕟_𝕔𝕦𝕤𝕥𝕠𝕞𝕖_𝕊𝕦𝕡𝕡𝕠𝕣𝕥_+𝟙.𝟠.𝟝𝟝.𝟛.𝟞.𝟡.𝟠.𝟝.𝟞.𝟝.𝕒𝕞𝕒𝕫𝕠𝕟_𝕔𝕦𝕤𝕥𝕠𝕞𝕖_𝕊𝕦𝕡𝕡𝕠𝕣𝕥_+𝟙.𝟠.𝟝𝟝.𝟛.𝟞.𝟡.𝟠.𝟝.𝟞.𝟝.𝕒𝕞𝕒𝕫𝕠𝕟_𝕔𝕦𝕤𝕥𝕠𝕞𝕖_𝕊𝕦𝕡𝕡𝕠𝕣𝕥_+𝟙.𝟠.𝟝𝟝.𝟛.𝟞.𝟡.𝟠.𝟝.𝟞.𝟝.𝕒𝕞𝕒𝕫𝕠𝕟_𝕔𝕦𝕤𝕥𝕠𝕞𝕖_𝕊𝕦𝕡𝕡𝕠𝕣𝕥_+𝟙.𝟠.𝟝𝟝.𝟛.𝟞.𝟡.𝟠.𝟝.𝟞.𝟝.𝕒𝕞𝕒𝕫𝕠𝕟_𝕔𝕦𝕤𝕥𝕠𝕞𝕖_𝕊𝕦𝕡𝕡𝕠𝕣𝕥_+𝟙.𝟠.𝟝𝟝.𝟛.𝟞.𝟡.𝟠.𝟝.𝟞.𝟝.and now the package ive ordered is being returned because they had address issues. Seriously. Amazon has delivered to this address bef","['issue', 'issues', 'never']",[],3,0,Strong Negative Language
14658,"Amazon customer service phone number for united state  is +1 (855) 369 8565 f Amazon customer service phone number for united state  is +1 (855) 369 8565 for united stateAmazon.com, Inc., is an American multinational technology company based in Seattle that focuses on e-commerce, cloud computing, digital streaming, and artificial intelligence. It is considered one of the Big Four tech companies, along with Goog",[],[],0,0,Clearly Neutral
14683,custom care number@@6291637114@@ Thanks for work,[],[],0,0,Clearly Neutral
14730,Amazon make it VERY difficult to get… Amazon make it VERY difficult to get free delivery when you spend over £20. It used to be automatically applied. Now you have to get past the constant flogging of Amazon prime go through the delivery option and select free delivery. Not only must you spend a whopping 20 quid you have to avoid getting mugged at the check out for free delivery. How many BILLIONS do this lot need.,[],[],0,0,Clearly Neutral
14735,Okay I have to give 3 stars but will… Okay I have to give 3 stars but will explain. Amazon them self is truly 5 star I have had issues with not receiving items especially from 3rd party’s (scammers) and they refund ASAP and for that I would give them 5 ⭐️ ⭐️ ⭐️ ⭐️ ⭐️ I have to drop 2 stars because of their delivery service is always mysteriously losing  my packages that usually are electronics although they refund me I have to  wait a few days till they see if it is gonna be delivered before they even speak to you about it. Normally it be okay but these last to was for my flight that the refunding and reordering it will not be here in time. I know they contract delivery company but they need to get this under control. I’m not the only one with this issue.,"['issue', 'issues']",[],2,0,Strong Negative Language
14746,"Up until recently Up until recently, I never had cause to complain about Amazon. Customer service was always attentive to my needs. Then I traded in a new cell phone. I haven't received payment for almost a month now and all I get is give it a few more days. I need the money, but they are the big bad and I am just a peon. I dropped prime after over a decade and they lost a good customer who spent thousands.","['bad', 'never']",['good'],2,1,Mixed Sentiment
14844,"Don't get me wrong Don't get me wrong. I like you guys, but your website look outdated. Sometimes it's so hard to find information I'm looking for.",['wrong'],['like'],1,1,Mixed Sentiment
14859,"I've been an Amazon Prime customer for… I've been an Amazon Prime customer for several years. I've been extremely pleased up to 3 weeks ago. It seems that when they went to their own delivery system and started to promise 1 day deliveries, that the issues have happened. Several item have been lost in shipping.At least 1 of the items was bought and fulfilled by Amazon. 1st item got lost, I got a refund because item was no longer available,and ordered a similar item. 2nd item got lost. Called customer service which issued a re-shipping order which did nothing. After several more days I got on their help center.Went through 4 customer service people. At that point I was so disgusted that I told them I lost faith in the system. They recommend that I order from a different vendor at $10.00 more for the same item and that they would pay the expedited shipping. I told them that the $10.00 more was the expedited shipping cost and that I did not feel that I should pay for their problem. They said when I get my item, I should ask for a refund of the difference. We'll see how it works out.Later,I did order the other part and did contact them once I received it. I also copied and pasted from the previous chat that I had saved so it was per their instructions being fed back to them. They not only issued a refund but also refunded the whole amount of the purchase. I guess they knew I was upset. I think I'm back on track with them.","['late', 'problem', 'issue', 'issues']",[],4,0,Strong Negative Language
14963,"Mostly good but 1 bad Took £80, probably for prime, from a family member who definitely doesn't have an amazon account. Couldn't get it refunded, couldn't trace it so £80 down. Aside from that incident, love amazon and never had any other problems. Generally has good customer service. Hopefully doesn't happen again.","['bad', 'problem', 'problems', 'never']","['good', 'love']",4,2,Mixed Sentiment
14971,Very slow with delivery Very slow with delivery. Amazon Prime is not a good deal either.,['slow'],['good'],1,1,Mixed Sentiment
15008,"I have ordered two products in the last… I have ordered two products in the last two weeks and both were delivered late.  I hope this isn’t going to become the norm.  I purchase from amazon for the convenience and guaranteed arrival date.  Now I am wondering if I can trust them to get a package delivered for Christmas, even with “guaranteed “ delivery dates.",['late'],[],1,0,Negative Language
15056,"Many people to talk to but no one really helps you Many people to talk to, but no one who can really help your issue. They all just tell you the same thing. My personal card was charged on my company's business account for Prime. So I called in and the rep told me he would refund my card and give me prime for free for the next year. Sounds nice, right? Next thing I know, the prime membership on the company is canceled! I call in and they say the rep promised me something they can't fulfill (she will send a message to his manager to make sure he knows this for the future.. gee thanks) and he also canceled my membership, but ""no worries"" you can just sign up again on the sign up page. So about the promise, I argued with the rep saying a company such as Amazon should stand behind what their reps, even if the rep made a mistake. We had it out for a few minutes until she said she can offer me a partial promotional credit to my account for compensation. It was almost the full amount so I consented. About the continued membership, ""no worries, just sign up from your end because we can't do it from our end."" Oh, but when I go to the sign up page, the price for business prime is now $179 and we were paying $119! Even after emailing and complaining that I got into this mess from a rep that made a bad mistake, it's not my fault that my membership was cancelled and if it hadn't been I would be still paying the lower rate, every rep who emails me just tells me the same thing: Our terms changed and we ""offer Business Prime Memberships for Business Account where the customers can simply make purchases and avail two-day free shipping. This completely for a free shipping purpose and the other benefits of prime will not be given."" Sounds like it should be cheaper, right? $60 more than standard prime for personal accounts. Not getting anywhere with Amazon and very frustrated with ""Earth's Most Customer-Centric Company.""**After calling back and asking to speak with a manager, I was able to sign up again for the business prime and he will refund me for the difference of $60 this one time. He said as of next year standard prime will no longer be available for business accounts so then I will have to make my decision but for now, he gave me the lower rate for Business prime. Now we're talking sense. Thank God for managers","['bad', 'issue', 'frustrated']",['like'],3,1,Mixed Sentiment
15060,"I have been a loyal Amazon customer for… I have been a loyal Amazon customer for years. It used to be great and I loved it, I still do but there are more and more disappointments with almost every other order, it is going down the hill: it is already a norm for the packages to get lost, not to arrive on time, customer service is usually useless and not professional. I used to do most of my shopping through Amazon but I am trying to avoid ordering on Amazon now, I hope they will get it under control.","['disappointment', 'useless']","['great', 'love', 'loved']",2,3,Mixed Sentiment
15070,"Fraud I payed for Amazon Prime which includes streaming music. However, since they have rolled out their new extra charge music service, I cannot find a way to access the music streaming benefit that I have already paid for.  Every time I click on anything to do with music, it takes me to a page to sign up for their Amazon Music Unlimited at an additional charge.  Even when I click on something that says Amazon Music that says it is included with my Prime membership, it takes me to a page to sign up for the new service at an additional charge.  I feel like I should contact a lawyer and start a class action suit because there are millions of people who have sign ed up for Prime with the understanding that they can stream music with their membership, but Amazon is effectively removing the benefit that we have already paid for and trying to force us to sign up for their new service at an addition charge. This is fraud.",[],['like'],0,1,Positive Language
15120,1 star because i can't buy prime with… 1 star because i can't buy prime with giftcard1 star because (friday-saturday) less work here so it arrived day after one and didn't get anything from this problem.i paid for the shipping and got exact date when it suppose arrived. i dont hate amazon but should make it accurate.i would gave them 2 but i dont hate amazon (why? they dont have api for customers only for sellers),['problem'],[],1,0,Negative Language
15139,Good for customers but a nightmare for… Good for customers but a nightmare for sellers! Their customer-centric policies make it difficult for sellers to make a profit as the company would accept a return from customers even if the customer has damaged the product beyond repairs!,['damaged'],['good'],1,1,Mixed Sentiment
15149,Some delivery’s never come and some… Some delivery’s never come and some delivery’s get dumped around back,['never'],[],1,0,Negative Language
15158,I don't understand how I buy an item… I don't understand how I buy an item from you then you tell me you bought it from a 3rd party there's nothing I can do to help you!!!! WOW!!! That's crazy to me. Amazon you lost me today!!!!,[],[],0,0,Clearly Neutral
15169,"Amazon.com good & bad points Only problem is 1)they're becoming a monopoly; 2) they charge too much to join them to get discounts on items & offer free shipping; 3) when they send an offer of $1,000 gift card by just answering a few questions. no matter how you answer the questions you are bombarded w/phone calls from companies of every area their questions are in. The calls start very early in the a. m. & continue all day. Every day for months. Never received the gift card; 4) search & you fnd other companies that offer items for less & offer free shipping without having to join at all 5) customer service at the end of my free week or month (i don't remember now) were very kind in cancelling my new account & graciously refunding me my money they automaically when i forgot the date of my free trial.","['bad', 'problem', 'never']",['good'],3,1,Mixed Sentiment
15191,Slow Slow not what it use to b years ago! Much more products,['slow'],[],1,0,Negative Language
15197,amazon is going to s**t with every… amazon is going to s**t with every progressing day,[],[],0,0,Clearly Neutral
15223,When purchasing goods with amazon When purchasing goods with amazonPlease check your statement or paypal as i had £7.99 added plus 99pence again.Once item was not delivered and no no apology and purchased same product they added extra £6.00Make sure check your statements,[],['good'],0,1,Positive Language
15225,"package not put in mailbox I ordered an item on November 15. I received the item November 17. Unfortunately the delivery person did not put the item in my mailbox but put it sticking out under the doormat, It would have fit in the mailbox but the lid on the box would not be able to close. that is not a problem. The post office routinely puts letters and packages in the box even though the box lid does not close. I would have preferred the item be put in the box and not partially under the mat. I did see the package but had i not been paying attention I would have stepped on it. Please put my packages in the mailbox. Thank you.",['problem'],[],1,0,Negative Language
15247,Amazon ha perso la Nike e questo era… Amazon ha perso la Nike e questo era l'unico motivo per il quale lo usavo.  Ora dove le compro le Nike?,[],[],0,0,Clearly Neutral
15318,Could be better. Review text not found,[],[],0,0,Clearly Neutral
15328,Slow delivery Slow delivery! Good product!,['slow'],"['good', 'very good']",1,2,Mixed Sentiment
15339,Shipping issues are so often:( Review text not found,"['issue', 'issues']",[],2,0,Strong Negative Language
15340,Amazon has been around since my college… Amazon has been around since my college days. That’s when only students could use prime. I have a love hate relationship with them. Yes I know they f’ up but they also fix the issue too. I have no complaints specifically that I can even think of.,"['issue', 'complaint', 'complaints']",['love'],3,1,Mixed Sentiment
15358,Wrong fit The item was way smaller than described/expected.,['wrong'],[],1,0,Negative Language
15369,"Shipping needs major work...  Super slow!!! Experience with Amazon has always been great. However, that was until they started shipping their own.  Now almost everything that is supposed to be a day or two with my prime membership, is almost never on time, and we're left waiting...  They need to get their shipping sorted out or I'm going back to shopping in the stores...","['slow', 'never']",['great'],2,1,Mixed Sentiment
15402,"My pkg was delivered as specified My pkg was delivered as specified. However, the driver stated it was handed directly to me. The driver never rang my doorbell. I just happened to see the package on my front porch several hours after being delivered.",['never'],[],1,0,Negative Language
15423,"is not good ,not return Review text not found",['not good'],['good'],1,1,Mixed Sentiment
15429,"Getting worse Fake reviews, fake products which are not supposed to be there on Amazon, but there they are. I used to buy from Amazon every week, their quality have become worthless recent years",[],['quality'],0,1,Positive Language
15451,I just used Amazon and ordered an item… I just used Amazon and ordered an item with a great review and the item arrived and works as well as the reviews state so I wished to also leave a review for the item but according to Amazon guidelines I need to spend $50 or more a month to be eligible to review... so Amazon is getting an Average score from me for not allowing me to review a product.  Terrible policy if you ask me.,['terrible'],['great'],1,1,Mixed Sentiment
15456,"Frustrating to deal with support I love Amazon and how it brings us things we want the next day, but they really need to train their support people better. It's always so frustrating to either be asked for information you have already given them or them clearly not understanding what you are asking, if a question is somewhat unusual. Reading from the script with 0 critical thinking is just not good enough.","['frustrating', 'not good']","['good', 'love']",2,2,Mixed Sentiment
15457,Sort out your divers! There liars Can't fault Amazon too much normally pretty good but they really do need to sort out their third party delivery  drivers leaving people's parcels outside for all to see and saying handed to resident when they don't even knock the door cheers for soaking  my son's Christmas!!,[],['good'],0,1,Positive Language
15458,I probably spend 100K a year+ here for… I probably spend 100K a year+ here for my business.they keep trying to get me to have a business account but from what I was told it would nix the free shipping on a ton of items.. why would I do that? it just doesnt seem worth it.,[],['worth it'],0,1,Positive Language
15495,Amazon Sucks Try to place an order and they tell me they will get back with me in 24 hours. Been a week. Is this the best this rich greedy jerk can do?,[],['best'],0,1,Positive Language
15520,Amazon customer service Thanks 9330630453 Amazon customer service Thanks po po po me to get the same thing thing that was just want want you know how much as a lot lot and the same thing thing that was a lot lot and the best best for for you you are the best best for you you are the best best for you have have you have have you have have you have have you have have you have have you know how much as you know how much as you know how much as you know that I'm,[],['best'],0,1,Positive Language
15529,OK thanks so much for your late service Review text not found,['late'],[],1,0,Negative Language
15530,I noticed lately when ordering from… I noticed lately when ordering from Amazon my packages do not come on the days they supposed to come. My packages are coming days later. Amazon used to be good on delivering packages on time. Now it seemed like they just don't care!?!? I hope soon they can fix this issue.,"['late', 'issue']","['good', 'like']",2,2,Mixed Sentiment
15545,Beware of kindle fire tablet purchases Customer service was unable to make a trade in for the newest Kendal fire. I bought in July of 2018.  They offered me 20.00 dollars for a just out of warranty product. Because their was no option listed to trade it in on their website. This is horrible. Be aware of their policies before ever buying any electronics of any kind,['horrible'],[],1,0,Negative Language
15552,"The ordering experience is always good The ordering experience is always good, but don't try and call customer service. The people are very hard to understand, theres so much noise in the background you cant hear anything and they put you through hoops to check on your own damn account. ITS RIDICULOUS!!",[],['good'],0,1,Positive Language
15558,I just don’t like about amazon is the… I just don’t like about amazon is the customer cares just one thing. Always when the Usps fails on the day they supposed to deliver and they don’t. Why in the world like a customer do I have to call and fix it ? I’m paying for the service . They have to contact the postal office and fix it . That is why I’m paying for that service btw is not cheap . “Amazon prime”  I hope they can do something about it,[],['like'],0,1,Positive Language
15587,"Why am I paying for Prime membership again? Amazon is starting to remind me of that company Wish....if you get great stuff....AWESOME....if you get crappy stuff....Sorry for you!!! Amazon has its good points, but overall it really lost its ""Touch""....don't get me started with Amazon Prime Shopping service....it started out strong....but now....it is just plain crap!!!! Expired, rotten, thawed, broken, and open items...are just the norm now....sad! I do not see a benefit Paying for Prime anymore....",['broken'],"['good', 'great', 'awesome']",1,3,Mixed Sentiment
15607,NIce company Review text not found,[],[],0,0,Clearly Neutral
15615,"Good Good, friendly service, quick and easy.",[],"['good', 'quick']",0,2,Strong Positive Language
15616,Got my items as described on their… Got my items as described on their site. Happy customer :),[],['happy'],0,1,Positive Language
15625,"Amazon has certain pluses about it Amazon has certain pluses about it, but like many large companies they tend to overlook customer service. I waited 1 1/2 weeks for a replacement item before I called them only to find out they forgot to send it. Really? How does this even happen?",[],['like'],0,1,Positive Language
15653,Check what you buy They are good about some things but there are some thing on the site that when you buy the will not get back to you. They will take you money and not return it or get back to you on where it’s at.,[],['good'],0,1,Positive Language
15678,"Two-day shipping, really? At first, I really loved using Amazon.  Their two-day delivery was spot on, and I could order anything and trust the product.  Now, it feels like I’m always trying to check with myself as to why I’m paying this membership!  Two-day delivery is bs.  I’ve had several two-day delivery packages be delayed.  One was a birthday present for my 6 year old nephew.  We postponed leaving until the next morning because Amazon said the delivery would be there in two days.  Right at the 9pm end of day delivery mark, Amazon sends a shipment delay note saying it may not be for another 5 days.  The tracking showed it was in my city.  Why would that take 5 days?!  Im beginning to wonder what I pay this membership for.  The two day shipping has gone to the wayside, and I’m beginning to not believe in Amazon’s promise any more...or the quality of the products sold.  Don’t say you can do something if you can’t.  False advertising, Amazon.  Maybe I should take my membership to Walmart, Amazon.  What do you think about that?  I’m not a fan, but they seem to be getting themselves squared away to be completion.","['delayed', 'delay']","['love', 'loved', 'like', 'quality']",2,4,Mixed Sentiment
15694,regergehdsh Review text not found,[],[],0,0,Clearly Neutral
15714,Good products poor delivery info. I have no problem with the ordering or the quality of the products supplied. It's Amazons own delivery service that needs sorting out. Their tracking sysystem sends the delivery drivers ( who are all brilliant) to an adress 20 doors further up the road the occupier is not happy about it. I have items on my order list that show are running late but were delivered weeks ago. I have brought up the tracking map it tells me the driver is 7 stops away when he or she is knocking on my door. I can't praise the drivers enough and certainly wouldn't want to do their job.,"['poor', 'late', 'problem', 'not happy']","['good', 'happy', 'quality']",4,3,Mixed Sentiment
15722,Not really accessible to people outside… Not really accessible to people outside of USA - but other than that the service is okay.,[],[],0,0,Clearly Neutral
15724,"normally good normally good, but recently shipping was very poor. Poorly packaged boxes, nothing in boxes to keep heavy things from crashing into fragile things",['poor'],['good'],1,1,Mixed Sentiment
15749,"new to trust pilot new to trust pilot, i like it very much.had amazon prime for some time, good most of the time.",[],"['good', 'like']",0,2,Strong Positive Language
15765,"XPO Logistics is the worst company… XPO Logistics is the worst company ever. I ordered a play house for my granddaughters on Amazon . XPO Logistics was supposed to deliver it last Saturday. The drivers lied saying they knocked on the door. I waited all day thinking they were still coming. I received an email at 4 pm that night saying they tried to deliver but no one was home. I have two dogs that would have alerted me if someone was at the door.Then when I called to complain that they never tried to deliver the package the people on the phone where rude. Additionally, I found out they had my phone number wrong. I asked them to change it but I was told they couldn't change the number, I had to contact Amazon to have the number changed. The supervisor even refused to change the number or help me plus she was rude. ""You didn't see a big truck pull up in front of your house "". My bedroom are in the front of the house not my living area so how would I see them pull up to the house.I called Amazon and changed my number plus let them know I was unhappy with the delivery provider. Amazon changed my number in the system. By Wednesday I still had not received a call to deliver the playhouse. So I called to find out why. The lady on the phone was actually helpful. She explained they where calling the wrong number despite the notes in the system giving the correct phone number. She actually changed my number so the organization could contact me when they were delivering.Today I was given another 4 hour window. I called to try and find a smaller window explaining I have things I need to get done (the stuff I couldn't get done last weekend because I waited all day). Again the lady on the line was rude and unhelpful.If you order something and find that this company will be delivering it. I suggest you find the product somewhere else. I am not ordering anymore large items from Amazon if they are going to keep using this company. XPO Logistics  has horrible customer service!!!! Amazon has not done anything about this organization that they paired up with.","['worst', 'horrible', 'unhappy', 'wrong', 'never']",['happy'],5,1,Mixed Sentiment
15778,"I would give 5 stars and here’s why I’m… I would give 5 stars and here’s why I’m not. I’ve been using amazon for several years now and they have been great! Especially with prime. Now, here recently they have started delivering packages with their blue or white vans. Every since they started,  I’ve had quite a few issues! I’ve have packages that never showed and had to end up getting my money back or have them resend it. Claiming that my house was not accessible! I’ve been staying here for over a year and NEVER have I had an issue until they started using the random people in these vans! I checked videos from the cameras around my house and it showed where these people are throwing my packages!! I wish I could post the videos!!! Come on amazon you have to do better!","['issue', 'issues', 'never']",['great'],3,1,Mixed Sentiment
15781,Delivered on time. Review text not found,[],[],0,0,Clearly Neutral
15785,"Not Popular PH We started accepting payment from bills amazon last 2018 since i am working in a bank. But still, up to now, nobody pays in Amazon. Its not popular here in the Philippines.",[],[],0,0,Clearly Neutral
15787,"Happy with the purchase I made but I… Happy with the purchase I made but I don't like the offer and stuff of amazon prime, i don't like the idea.",[],"['like', 'happy']",0,2,Strong Positive Language
15791,"3 stars is fair 3 stars is fair, not to bad not to good.",['bad'],['good'],1,1,Mixed Sentiment
15796,"Amazon was great, but that seems to be changing Amazon has been GREAT, exceeding other retail avenues on price, delivery and customer service.  That seems to be changing.  It's getting nearly impossible to contact an actual person if you have a problem.  Over the years we get about 1 in 20 mis-deliveries. In the past you could contact them, talk to a person and either get a replacement or sometimes they could contact the carrier to find and fix a mis-delivery.   Not possible anymore as far as I can tell,  I've spent the last 30 minutes trying to break through the Barrier - getting nowhere.  I am advised by robo-service that even though they've said it's delivered... it may take up to 36 hours for it to actually be delivered.  If this service continues it will be the revival of brick and mortar shopping",['problem'],['great'],1,1,Mixed Sentiment
15814,Sometimes works good and  sometimes bad. Review text not found,['bad'],['good'],1,1,Mixed Sentiment
15820,Beware sellers I enjoy shopping through Amazon. After a few issues with my orders I'm thinking twice about shopping through Amazon. Some sellers you can't get a hold of other's never refund you. I have had at least five bad experiences with sellers from Amazon. I'm still waiting for refunds from months ago.,"['bad', 'issue', 'issues', 'never']",[],4,0,Strong Negative Language
15833,"Honestly Honestly, noo too bad no too good, is fine",['bad'],['good'],1,1,Mixed Sentiment
15843,Love the benefits but the prices are… Love the benefits but the prices are expensive relatively The reviews are hard to figure if they are real or promoted or spam love the free shipping if the price is comparable,['expensive'],['love'],1,1,Mixed Sentiment
15864,"Every time there is a TBA delivery… Every time there is a TBA delivery tracking number, I think they should change it to TBS, for To Be Screwed-up. USPS, only rarely do I have issues, but the TBA system sucks. What was supposed to be next day delivery, is now 2-3 day delivery.","['issue', 'issues']",[],2,0,Strong Negative Language
15985,"wrapped a paper mache bird in a cardboard envelope? Stupid idea. It got smashed up! Rubbish pathetic wrapping material.I bought a Paper Mache bird with hearts attached and Amazon decided to post it to me in a Cardboard Stiff Envelope?No wrapping around the object to cushion it, nothing.",[],[],0,0,Clearly Neutral
15987,Service & Support Happy though still some problems in it. Nowadays make delay for product delivery,"['delay', 'problem', 'problems']",['happy'],3,1,Mixed Sentiment
16001,Edit Been getting  better luck with Amazon lately so I'm editing my response. Been finding some good deals on here. Still don't like the way they pack packages.,['late'],"['good', 'like']",1,2,Mixed Sentiment
16033,I'm very dissatisfied with the customer… I'm very dissatisfied with the customer service and speed up the shipping for products I've ordered. My last 3 orders were all more than 2 days shipping. My last 2 orders were supposed to be one day shipping. Got notified that now they won't be here until middle of next week! I contacted customer service and all they were willing to do was offer me $5! They shouldn't off 1 or 2 days shipping if they can't actually get it to you on time!,[],['satisfied'],0,1,Positive Language
16053,"Great company-bad deliveries. Great company, can get almost anything way cheaper than most companies, quick delivery too.My only issue is the drivers.....never ring the bell and dump stuff at the door in open view as late as 8pm! Employ staff who respect the fact they have a job.","['bad', 'late', 'issue', 'never']","['great', 'quick']",4,2,Mixed Sentiment
16056,"So I order all the time off of Amazon So I order all the time off of Amazon, never had to many complaints until recently. They have shipped a few wrong orders, though I was able to get them replaced fairly easily, it was hours on the phone, and running in to mail a package back to them. The reason I ordered from Amazon with that purchase was that I needed it fast with the wrong order being sent twice was not able to use it. Then even more recently I have found that all the Amazon apps are kinda completely annoying. I used to have kindle, shopping, video and music apps. The problem is that when I tried to use my husband's account that has prime for the shopping app and my account for everything else, it would sign me out of all the apps on my phone. There seems to be no option to sign in with different accounts for different apps. Also my husband got a few months of kindle unlimited for free, and I have found that any book that I have shared with my husband he cannot read because they will not download. Extremely frustrating.","['problem', 'complaint', 'complaints', 'frustrating', 'wrong', 'never']",['fast'],6,1,Mixed Sentiment
16085,"Nobody's perfect I pay my taxes, but they don't!! What a F$#!%&g joke!1 day delivery is quite nice though",[],['perfect'],0,1,Positive Language
16130,"I really enjoy using Amazon for online… but I really enjoy using Amazon for online shopping but the delivery drivers do NOT make the experience worth it. They are a disappointment almost every time & I barely get my packages from them when they come to my house! They will leave my house with the package while I'm home due to them not reading the delivery instructions. Which are very simple instructuons. It's not even worth the hassel any more & thinking about cancelling my prime. They have excellent costumer service, but it's becoming a waste of money because of the driver's. So so sad","['disappointment', 'waste']","['excellent', 'worth it']",2,2,Mixed Sentiment
16134,"Been using Amazon on and off for a few… Been using Amazon on and off for a few years now, never had any issues that is until this last order I made. I placed the order and 12 hours later get a response in my email saying my order was cancelled due to insufficient funds thing is funds were not insufficient and the order came in anyways. Normally if something is insufficient it tells me rite away not 12 hours later in a email. Amazon need's to update their order processing and payment sytem. The reason I give three stars is because it's the only issue I've had with Amazon and if this continues to be the same experience I will be giving the lowest rating but as for a second chance I'm sticking to three stars.","['late', 'issue', 'issues', 'never']",[],4,0,Strong Negative Language
16170,"Issues with online purchases Recently, I have been having issues with my orders; receiving items that I did not order, receiving products that do not work (are defective), unable to return purchases, required to pay additional cost for products upon arrival, etc.  As a result, I have been spending too much time following up with Vendors, calling customer service, asking for refunds, and returning items; all defeating the purpose of online shopping.I believe that Amazon should spend more time in qualifying their Vendors.  Online shopping should be straight forward: 1) buy an item 2) receive the item ordered.Very disappointed.","['disappointed', 'issue', 'issues']",[],3,0,Strong Negative Language
16177,"I don't normally order college books… I don't normally order college books from amazon because their almost as much as the one I buy from my college. Not only that, sometimes it ships late and I need that book by a certain date.  The books come in undamaged, but that about the only good thing I have to say about them.","['damaged', 'late']",['good'],2,1,Mixed Sentiment
16197,"Good but.... I’m just gonna give this an average. I mean like, the customer service is good and that but when I order things, it sometimes wouldn’t come to my door which is kinda a problem. But it’s still a good company! Don’t ditch it!",['problem'],"['good', 'like']",1,2,Mixed Sentiment
16199,"Good customer service, terrible couriers The company is so big and offers so many different services in so many locations that it is quite difficult to give it one general grade.The most frequent problem I had was with the couriers, who often are unable to follow the delivery instructions or do not even attempt to deliver the item.However, the customer service is always helpful. They always throw a few pounds sweetener or a free month of Prime membership. Occasionally I get to keep the wrong item I received - they refund it but ask me to NOT send it back. When their pick up courier was consistently failing to arrive, they offered a full refund for sending the parcel myself via whatever courier I want.","['terrible', 'problem', 'wrong']",['good'],3,1,Mixed Sentiment
16201,being a prime customer doesn't work 80%… being a prime customer doesn't work 80% of the times! paying the prime membership for nothing...i gave up on buying certain items from amazon because they never come on time.,['never'],[],1,0,Negative Language
16203,"A Little Smile I love Amazon but I wish your drivers would just be given a little more time - they carry out a great job in getting things to me and my family but always seem so rushed, not even a time for a hello and a smile.",[],"['great', 'love']",0,2,Strong Positive Language
16285,"I tried purchasing a laptop from Amazon… I tried purchasing a laptop from Amazon (my first purchase ever from Amazon). I paid for fast shipping, but instead Amazon wanted to wait a week to ship my purchase ""because I am a new customer, they have to verify that it is really me"". I decided to cancel the order, because I verified with them over the phone that it was really me, but they have such a bureaucratic system regarding payments that I felt like I was just talking to a wall when speaking to their customer support. Overall, I think Amazon has a good service in some aspects, so that is why they at least get three stars.",[],"['good', 'like', 'fast']",0,3,Strong Positive Language
16293,"Loved Amazon now Its just an Invasion of Privacy. Silent Your ALEXA Loved Amazon, but the $35 billion deal happened because of Alexa continually collecting data in YOUR HOME.Press SILENT ON ALEXA.Visit Alexa.com as they now own that as well and you will see it's roots the collection of web data before a spy in your home.",[],"['love', 'loved']",0,2,Strong Positive Language
16317,"Products are great, shipping, not so good Products are great, not a single problem with anything I’ve purchased from them. Delivery of merchandise, however, is very disappointing. They’re two day delivery sometimes turns into more than a week. They’re package tracker is just a plain outright lie. They really need to be more honest about there shipping practices, the ONLY thing the “prime” membership saves you is the $20.00 shipping cost. Some independent stores will get your merchandise to you in two days but I don’t think the Amazon store itself cares when you get your orders.","['disappointing', 'problem']","['good', 'great']",2,2,Mixed Sentiment
16364,"Responsiveness of giants among us I've been ordering from Amazon Prime for about 3 or more yrs. Now with the usual mis delivered items but In the last year it has been getting worse.Now they have this new thing when they deliver your package they send you a picture of your back porch. Trouble is, it's not always your porch. I have pointed this out several times but they'd rather shine you On with an obligatory sorry and a couple of bucks. Not to mention you pay an additional $119. for Prime -  1 to 2 day shipping . This week I ordered And promised my 5 yr. Old granddaughter a Dodger hat, glove, and 2 balls by Wednesday. Wrong. Wrong porch. Told them and said send driver lbackout to get and redilever. Nope, too easy, will resend. Another two days. Hat came in mail, thank goodness. Promised my granddaughter a Dodger hat n ball to help make up for it. Supposed to get Friday. Wrong again. Same porch, not mine. Sent text as soon as I got the picture and quite aggravated now with a crying granddaughter i immediately send a text to send driver back out now and pick up my items and deliver to me. That didn't happen. Next day I find the obligatory sorry again. Was quite upset by now and have to take nitroglycerin tabs for the chest pains they created and let them know it too. So needless to say, no reply, no baseball no bat and no resolution. Could that driver live there or know someone there?? Does that person need glasses??? I'm my opinion Amazon condones the theft of packages not belonging to addresses not to mention opening other people's mail. Found out open someone's mail from your mailbox. It's a federal pffense. You give it back. I guess when you get that big you can treat common people however you want. They should remember when they weren't so big and who helped them get there. I'm a big Dodger can having been born in NYC. First game I went to and only games were Brooklyn Dodgers. Now we carry the torch for LA Dodgers. This is so disappointing how they treat people. Thank you Trustpilot, for listening.  And here it is Monday and you guessed it. No bat, no ball no response,no consideration for the consumer. Why would you think I ordered that. To see someone else get it. So much for 20 + years in the military. My husband fought in Korean war and two tours in Vietnam and he can't even get our 5/6 year old granddaughter some Dodger stuff. Guess that's a thank you for your service we'll not soon forget. But don't waste any time collecting that $119. Prime membership. Soery, yes, we're quite upset.","['disappointing', 'waste', 'wrong']","['good', 'love']",3,2,Mixed Sentiment
16368,"For two years I have had nothing but… For two years I have had nothing but great experience with Amazon, until two months ago when I received notice that I had ordered ( unknown to me) a $100 reload of a gift card, then received a notice that I would be receiving two $50 play stations I ordered (unknown to me). I tried dealing with the customer service reps to resolve with no success, so I filed a fraud alert on my credit card. Since then this has happened twice more, Yesterday I chatted online with the customer service rep who informed me there was nothing they could do to stop these unwanted transactions. After 39 minutes of trying to reason with them that there must be a way to stop it, I realized I must be now part of Rod Sterling's program, The Twilight Zone. In frustration I called the credit card company and cancelled the card since as long as they had the number on file they just kept adding the gift reloads for $100 and then sending two $50 play stations which depleted my gift card which they then reloaded which created another order for pay stations. After cancelling the card they informed me I needed to contact them with new credit information. Really? I will miss the convenience of ordering online but not the nightmare of trying to deal with customer service that can't fix a problem or don't care enough to try.",['problem'],['great'],1,1,Mixed Sentiment
16398,Good I love amazon and their employees was pretty good as well,[],"['good', 'love']",0,2,Strong Positive Language
16401,items get returned to sender instead of… items get returned to sender instead of delivered. not worth buying from,[],[],0,0,Clearly Neutral
16422,"Great selection of items;   Poor access to customer service and irregular delivery services As with most Amazon customers I use them a lot because they carry such a wide variety of products and frequently I can find items on Amazon that could take me hours or days of shopping in stores.  But there are these aggravating issues: (1) Their auto packing tosses items into one huge box, frequently with insufficient packing materials, and I have had so many broken items I no longer order items such as prime pantry (2) Because they do put as much as possible in one box it is frequently too heavy for me to handle and is frequently put in front of my door so I cannot open the door and have to walk around the house to move it to the other side, which any sensible delivery person would realize (3) Amazon's newer delivery service that I guess is avoid using the post office involves a number of different carriers, some of which are so poor that I have to call customer service...once because an item was just tossed into a snow bank on my driveway, another when it was tossed onto a dark driveway where it was smashed, or I suddenly got a notice that no one was there to accept the package and I NEVER changed from unattended package instructions (4) sometimes the delivery person leaves the package at my back door, where it does not occur to me to search for packages, so sometimes it is there for a few days before I realize it was delivered (5)when you are expected to say why you are returning an item you get a list of options that for me have seldom included any item connected with why I am returning it so I just mark off any one of them and hope for the best (5) if you ever get an email address or phone no. for Amazon customer service cling onto it because if you try to get that by an inquiry on the Amazon search you will never find it there.  All of these negatives have led to my checking with EBay now and ordering there when they have the same products, which increasingly they do.","['poor', 'broken', 'issue', 'issues', 'never']","['great', 'best']",5,2,Mixed Sentiment
16425,They helped me a few times so I didn't… They helped me a few times so I didn't give them 1 star. But could be a lot better.,[],[],0,0,Clearly Neutral
16442,"PACKAGING Amazon must get through a vast amount of packaging which ends up in our bins.  I know it's mainly cardboard, but the Amazon Prime Tape they use to stick it is not.  It's still single use packaging which is a waste in any case.I wish they would take a lead from Ocado. Each time Ocado make a delivery, they take away the packaging from their last delivery and use it again.",['waste'],[],1,0,Negative Language
16459,"At Amazon.com I am a valued customer... At Amazon.com, I am a valued customer and receive respectful customer service and support. If I buy an item for $ 1, I can leave a review for this item and for the seller.After I bought two well-written, interesting books with an absolutely bad cover (the books fell apart) from Amazon.de, I wanted to write a customer review. My rating was rejected on the grounds that I did not meet the minimum order value. The minimum order value is 50 + EURO in one year. I was shocked.Amazon.de customer service stated, ""The minimum order value ensures that it is a genuine customer who writes real reviews."" I was assured that I can leave a customer review when I buy more at Amazon.de.At Amazon.de I have to ""buy"" a customer rating.  Amazon.de is a subsidiary of Amazon so I cannot give Amazon 5 *",['bad'],[],1,0,Negative Language
16481,"Too much counterfeiting I use Amazon all the time, but will always pick another retailer when reasonable. Their fulfillment system is too easily exploited by counterfeiters. Anyone can use their fulfillment system, and all items are combined together. When a retailer sells through Amazon (including Amazon itself), they pull an item from their shelf. Could be a counterfeit someone sent in or a legit item. You don't know.With more traditional retailers online, you know they buy their stock from reliable distributors so you know for sure you are getting the item/brand you paid for.",[],['reliable'],0,1,Positive Language
16501,"Decent website, hard to get support Decent website. For the most part I can find what I want with relative ease. Not all products there are the best prices, so you have to really shop around. It's not easy to get live support from them anymore. They have put blocks into place to make it harder to find a way to contact them.",[],['best'],0,1,Positive Language
16503,"Disappointed Amazon was always my go to, mainly because of the 2 day shipping. The delivery times have been very inconsistent for the past few months and a few items were canceled even though notifications were sent that the merchandise was out for delivery. Seriously considering not renewing my prime membership...",['disappointed'],[],1,0,Negative Language
16507,"The bathing suit is super cute and well… The bathing suit is super cute and well made and I would give it 5 stars but, it arrived completely wet. Like, the plastic bag it was in was completely dry...didn’t notice it was damp until i took it out of the packaging. So therefore I put it through the wash before I even tried it on (I’m not sure if this affected the sizing but I ordered a small and after the wash it was fine - didn’t return because it really seemed ok) it didn’t smell or anything and it hadn’t rained at all when it was delivered...just weird. But the suit is very cute over all. Probably won’t order another one though...",[],['like'],0,1,Positive Language
16522,Worst delivery service ever! Worst delivery service ever!! Three times special instructions were submitted and they STILL get it wrong.It's no wonder stuff is stolen off porches all the time.,"['worst', 'wrong']",[],2,0,Strong Negative Language
16523,"delivery drivers are in such a rush Delivered next day as agreed and happy with the item however the delivery drivers are in such a rush they don't even have time to knock my door, they just leave the item in my drive-way. Anyone could have taken it, luckily I was in at the time!!!!!!!!!!!",[],['happy'],0,1,Positive Language
16535,"Their delivery has gone from “the best” to amateur night I had been a faithful Amazon customer since the 1990s and rarely had cause for dissatisfaction, until they started using their own couriers. Unlike UPS or FEDEX, who assign you the same driver week-in, week-out, Amazon seems to be assigning pure duffers who have no experience in delivery. Instead of leaving my packages where I want (outside or inside my garage door), they might dump a 40lb. package onto the day lilies surrounding my mail post—on the curb, 50 yards from my home—or on my back patio, or at my laundry room door, BECAUSE AMAZON HAS NO SYSTEM FOR ME TO REQUEST A PREFERENCE! It’s amateur night whenever they deliver! Their people don’t know me, I don’t know them, and they have ruined a number of my deliveries by leaving them out in the rain without so much as a plastic wrapper for protection. Worst of all, there is no way for me to lodge a complaint except here. Now I try to order ABA: Anywhere But Amazon.","['worst', 'complaint', 'never']","['like', 'best']",3,2,Mixed Sentiment
16561,"Amazon is ‘okay’. They have their ups and downs but they aren’t the worst company in the world. When I need certain things I can’t find elsewhere, Amazon holds a spot as the ‘fallback shop’.",['worst'],[],1,0,Negative Language
16562,Good but should be better Great selection of products and professional delivery. However the website is over complicated and it is confusing and miss leading when it comes to cancelling prime. They know they have us wrapped around their finger and they abuse this power in my opinion.,[],"['good', 'great']",0,2,Strong Positive Language
16567,"Amazon UK - great items but delivery can be dodgy Generally a good website, but I think it's a hit and miss. I've been using Amazon since 2006 and would consider myself a dedicated customer. There are lot of items for sale and it's very easy to find them. However it literally can cause me anxiety waiting for a delivery or wondering whether I'd even get my delivery. I've had experiences where the delivery drivers don't bother knocking or they've left my package in a communal area. I even got £5 compensation one time because of their lazy approach to delivery. I now try to mitigate this by using Prime and selecting the precise date on which I want delivery. But that's too much of an onus on a customer.",[],"['good', 'great']",0,2,Strong Positive Language
16577,Nice website.Easy return and good… Nice website.Easy return and good customer care.,[],['good'],0,1,Positive Language
16589,Need a lot more U.S.A brands Review text not found,[],[],0,0,Clearly Neutral
16598,there service not so bad quite average. Review text not found,['bad'],[],1,0,Negative Language
16599,Flipkart very very good service number Flipkart very very good service number 6291783354//7462924659,[],"['good', 'very good']",0,2,Strong Positive Language
16608,Amazon very very good service number Amazon very very good service number 6291783354//7462924659,[],"['good', 'very good']",0,2,Strong Positive Language
16664,"I like it I like it, that amazon has many products for low prices even i buy on other portals too!!!",[],['like'],0,1,Positive Language
16676,"I believe giving them 3 stars is a fair… I believe giving them 3 stars is a fair rating. My experiences with Amazon is similar to a love hate relationship. At times, the items I ordered gets delivered on time and in perfect condition which I am very grateful of. But other times, my items are either slightly damaged or late. I had to return them and it will take ages for the item to be sent back before a replacement arrives. Dilemma indeed!","['damaged', 'late']","['love', 'perfect']",2,2,Mixed Sentiment
16681,"They can update a website They can update a website, filter category is not helpful",[],[],0,0,Clearly Neutral
16717,not bad but not best!!! Review text not found,['bad'],['best'],1,1,Mixed Sentiment
16732,Arrived late My order arrived over a week late after paying for next day delivery. Disappointed as I needed it for a gift that weekend :’(,"['disappointed', 'late']",[],2,0,Strong Negative Language
16734,"I'm 50-50 on Amazon I'm 50-50 on Amazon. There are sales happening all the time whether it being a small one or a big one. I bought an item from them and it came perfectly well. No blemishes, no defects, works as advertised and great. But the delivery wasn't. Firstly, I was promised 2 day delivery. 2 days later, I checked the status only to realize that it will be delayed till the end of the week. And this isn't the first time too. Amazon really need to work on their delivery consistency.","['late', 'delayed', 'delay']","['great', 'perfect']",3,2,Mixed Sentiment
16737,ok not best  Anymore now ok not best  Anymore now  gone down hill,[],['best'],0,1,Positive Language
16741,Some of their market companies are not… Some of their market companies are not reliable and apperintly Amazon takes little to no responsibility.  Been waiting on an order forever.   Wish the company would at least contact me.,[],['reliable'],0,1,Positive Language
16744,"I ORDERED THRESS DIFFERENT DESIGNS OF… I ORDERED THREE DIFFERENT DESIGNS OF STRING BRAS FROM THEM. THEY SENT ME ALL THREE OF THE SAME STRING BRAS. IT DIDNT TAKE LONG FOR ME TO GET MY ORDER. I COULDN'T TRACK IT, NOR DID THEY SEND ANY UPDATE INFO.  WHEN I WENT BACK TO AMAZON TO CHECK FOR MY PURCHASE'S-IT WAS WIPPED CLEAN AS IF I NEVER PLACED A ORDER. I HAVE SEVERAL MORE ITEMS COMING FROM THEM. AFTER THIS, NO NEVER AGAIN WILL I ORDER FROM THEM. NO ORDER SLIP COME ALONG W/THE PKG.  I WILL STICK W/EBAY. IF I COULD GIVE THEM ZERO STARS, I WOULD. FIRST N LAST TIME PLACING A ORDER W/THEM.   I ORDERED A TWO-PC RAIN SET FOR MY HUSBAND. IT WAS EXCELLENT. IT FIT HIS MEDIUM SIZE. SO I ORDERED ME ONE. EBAY IS STILL MY NUMBER ONE SITE. NEVER ORDER LINGERIE FROM THEM. IT DOESNT RUN ITS SIZE ON AMAZON. A THREE X IS A SMALL.😠😠😠 WASTE OF MY MONEY N TIME(AMAZON). SOME ITEMS, NOT ALL.ONE MAD SISTER,PEEDY,","['waste', 'never']",['excellent'],2,1,Mixed Sentiment
16752,Amazon Changing Prices are getting higher compared to a few years ago.Shipping seems to have gotten faster though,[],['fast'],0,1,Positive Language
16754,"There’s a reason Bezos is loaded. There’s a reason Bezos is loaded.So convenient. Amazon Prime Now is actually scary for my bank balance.Wish they’d provide a more intuitive and dependable refund service, though. Have been ripped off twice by independent stores.",[],[],0,0,Clearly Neutral
16808,I used to shop a lot from amazon but… I used to shop a lot from amazon but lately I do not like their delivery any more.,['late'],['like'],1,1,Mixed Sentiment
16809,Just an average experience. Review text not found,[],[],0,0,Clearly Neutral
16828,"Amazon drivers incompetent Amazon as a whole is an ok company. Each time I deal with a customer representative I am satisfied with the results however, this new delivery system they have is faulty. I order and pay money to have a service that guarantees a delivery but because they hire self employed lazy drivers I dont get my stuff as promised. I dont mind waiting, if that's what the item I am buying states but if it says it will be here on a Tuesday then I expect it to be here on a Tuesday. I pay 100+ a year to have this service. 4 stops and 5 miles away from my home the driver decides to mark the package with ""attempted"" delivery. I called Amazon and filed a report and they could see the driver was no where near my residence at time of ""attempted"" scan. If you take on a job, do it, or you shouldn't get paid. This kind of misuse of Amazon's time and customer complaints will eventually end up in the consumer pocket since Amazon will lose money hiring lazy drivers.","['complaint', 'complaints']",['satisfied'],2,1,Mixed Sentiment
16839,"Amazon, Absolutely no quality reference Sorry to say that 3´rd party sellers hide behind the fact that Amazon does not want to be involved in their sales and the quality of it. Amazon, in my view act similar to a fence. When someone sells something so bad, such as the quality of a CD film, how can you as a private buyer stop them from selling more junk to the public ?This type of sellers don´t want any ratings, so from there they are protected from further scam. When the item had been sold for a low price the you completely loose in the transaction as you don´t want to be involved in a return fight where you absolutely don´t know wher it will stop. Amazon gives strong indication that they do not care selling such low quality items as it is impossible to contact them and with no rating activated for the seller, there is not much you can do and impossible to warn others.",['bad'],['quality'],1,1,Mixed Sentiment
16843,I purchased prime membership 6 months… I purchased prime membership 6 months before. Most of the times my products are delivered late.It says that it will be delivered tomorrow but it gets delivered day after tomorrow or even late sometimes.,['late'],[],1,0,Negative Language
16886,OK but not great Review text not found,[],['great'],0,1,Positive Language
16891,"Great & Special Marketplace! I love Amazon! They sell great, neat, and fun things. When I receive their packages, I feel excited. (Just my opinion!) Although, I always have to get refunds on clothing that do not fit, which is quite annoying. I do still love shopping! Even on Amazon.com! I also love making Wish Lists! Thanks Amazon.com! I am grateful for your company!",[],"['great', 'love']",0,2,Strong Positive Language
16938,"Driver littering on our street I don’t know where I can address this but I am normally very pleased with your services. However, today I noticed a shadow in my entry way and went to investigate. One of your drivers was parked in front of my house. As I was about to turn around I noticed your driver reach up and drop something out the window. The wind was blowing and blew his trash into sight. I know you don’t have control over everything people do. However, maybe education on not littering and trashing up property people work hard to keep pleasant might help.",[],[],0,0,Clearly Neutral
16942,"Amazon is anti-customer friendly I think that these are the main core main issues of Amazon that makes Amazon anti-customer friendly.1) Want to use Amazon Prime Now? Sadly, you don't get free delivery, you have to first spend $35 or more to get free 2 hour delivery. If not, they'll charge you $4.99 for delivery. Why can't it be free no matter the cost? Membership cost is ridiculous, but yet, it's not free or maybe $0.99.2) Prime Video app does not support 'Chromecast' so that we can cast shows and movies to TV's. We're expected to watch content on our phones but we can't control what we do, even though membership cost is ridiculous.","['issue', 'issues']",[],2,0,Strong Negative Language
16983,I received my package with a delay of 2… I received my package with a delay of 2 days but it arrived safe covered by a good packaging!,['delay'],['good'],1,1,Mixed Sentiment
16987,Great customer support.love the service. Review text not found,[],"['great', 'love']",0,2,Strong Positive Language
17007,Normally they are okay but ther seller… Normally they are okay but ther seller account is a joke. I got charged 19p for I dont know what and just using it is a pain.,[],[],0,0,Clearly Neutral
17019,"some experiences excellent, some atrocious I've ordered 18  items from Amazon Canada within the last year, using Prime.  In more than half the cases, I found decent-quality products at a decent price.  It's convenient having stuff delivered to my office.  However, in a few cases, Amazon tried three or more times to make the delivery after normal office hours, despite promises to follow my requested times.  Each time, customer service said they would put a note on my file so that all future orders would be delivered during office hours.  Nothing worked, and I spent a huge amount of time on the phone and on chat.  If you have a problem, I suggest you contact them by email to save your time.",['problem'],"['excellent', 'quality']",1,2,Mixed Sentiment
17022,"FRUSTRATED I have brought lots of things from Amazon and I do love the company, however I ordered something so exciting in about March time and it never ever turned up, I got an email saying they had received the order but it never turned up, need my money back 😩","['frustrated', 'never']",['love'],2,1,Mixed Sentiment
17041,"Free Delivery, if you jump through enough hoops! It seems Amazon think that free delivery is what you pay for!",[],[],0,0,Clearly Neutral
17044,"I am a Prime member and very disappointed I am a Prime member and until my last 3 orders I was very satisfied. Granted it was the holidays but they are the ones that said my items would be here in 2 days, I have still only received one package and I Amazon still listed them as shipped and arriving On the 2 day mark although one wasn’t even shipped until the day I was supposed to receive it. I called them 7 times in a week and a half! They did give me some credits but mostly only on items sold and shipped by Amazon. It seemed although they were still messing up I reached a “cap” in what they would do to make it up and I had no gift for my 2 year old niece on Christmas. I will think long and hard before I renew Prime especially since the price is going up $50 a year and Walmart now ships free with no membership fees.",['disappointed'],['satisfied'],1,1,Mixed Sentiment
17051,"Amazon get it wrong but put it right Amazon have really messed me about, not one order in the last month has gone smoothly. But they have put things right everytime. Just wished I didn't have to keep making complaints. However Amazon Prime is great and the Fire Stick is amazing. So come on Amazon sort the order process out so we can have a good service.","['complaint', 'complaints', 'wrong']","['good', 'great', 'amazing']",3,3,Mixed Sentiment
17076,Very slow still waiting for a package… Very slow still waiting for a package to be delivered from usa to berlin!!,['slow'],[],1,0,Negative Language
17093,Worst experience on online shopping… Worst experience on online shopping ever!! Amazon can’t keep track on what their sellers mail to their buyers. I ordered the MPow headphones (red color) and instead received a black/neon green pair of headphones made by Yuanguo. I tried to get my money back and instead their costumer services negotiated with me to resend a replacement and Amazon costumer services guaranteed that this time I would receive what I bought. The replacement arrived and now I’m stuck with 4 pairs on earbuds I never ordered. I’m very upset and would like to be sent the product that I actually ordered. I will never buy anything with amazon again. Amazon needs to wake up for that and keep a better track on what’s being send by the sellers.,"['worst', 'never']",['like'],2,1,Mixed Sentiment
17105,Shipping can be improved Love the service. Shipping can be improved.,[],['love'],0,1,Positive Language
17113,Ok if in a hurry!!! Sometimes you really have to check price comparisons etc but after Ebay Amazon is the next best thing I’ve found....,[],['best'],0,1,Positive Language
17122,"I wish they sucked I wish they sucked, because they want world domination and thats not good for the world. they are pretty good at what they do. However I often find lower prices on walmart.com and or other smaller online stores.",['not good'],['good'],1,1,Mixed Sentiment
17138,they are not well in the head the buy and delivery is good. but lately i reviewed some products that i bought and tried. it was honest review. i thought i was doing good to help customers and the sellers. and few days later amazon sent me an email that i broke there rules and regulations with my review..and that the last warning.. what the fuk are they talking about!!! i swear i don't get it... i did not use any bad words in my reviews,"['bad', 'late']",['good'],2,1,Mixed Sentiment
17143,Super Slow Delivery.. Super Slow Delivery... A bit disappointed,"['disappointed', 'slow']",[],2,0,Strong Negative Language
17156,"Change of Shipping Methods I was happy until they switched over to this Amazon Logistics bull crap with 3rd party carries instead of using USPS. Gifts I ordered for delivery to family in a different state was left on side apartment door vs. in the lobby. Did not ring my mother's apartment to let her know they were there other times. Yesterday I was expecting a package, it shows delivered and I was fed some excuse by the customer service rep that some ""new drivers"" may be scanning packages of delivered before they are. While this may be a chance due to the holiday season, I am giving them today for the package to show. If it does not, I will be asking for a refund or for the product to be re-sent.",[],['happy'],0,1,Positive Language
17159,"Not bad Good prices for most of products you can find. Sometimes delivery is very fast but sometimes is delayed, and I like most Amazon support services.","['bad', 'delayed', 'delay']","['good', 'like', 'fast']",3,3,Mixed Sentiment
17161,"Amazon Prices are great - Service not so much I love Amazon, for the services they provide at the prices they provide them.  Subscribe and Save is one of the coolest things we have seen in twenty years.  We have been Amazon Prime members for almost two years. BUT, BUT, BUT - I do not like Bezos' politics and I hate making him richer. I hate the fact that Amazon is still streaming NRA TV. But that aside the organization has internal problems. The shipping dept is LOUSY and must be poorly run. One in four packages we receive are poorly packed, have no bubbly wrap to protect the products or poorly boxed and shipped. This probably has to do with the volume they are processing BUT they need more personnel if it is not being done right. Where are the supervisors? My guess is that no one is paid what they should be paid to work or supervise at the company. Another reason to hate Bezos and his only interest being seemingly in profit and the bottom line and not in the customers' experiences. Typical corporate America. No matter how many good things Amazon does they do not deserve a higher rating.","['poor', 'problem', 'problems']","['good', 'great', 'love', 'like']",3,4,Mixed Sentiment
17169,Used to be great It seems my orders are coming from places other than Amazon. I don’t like that these people get my email and spam me.,[],"['great', 'like']",0,2,Strong Positive Language
17171,"My order was meant to be delivered… My order was meant to be delivered yesterday, now delayed for another a couple of days. Tracking my order, but it says is still in Luton Dunstable to be dispached to my address in London.  At least they have notified me of the delay.","['delayed', 'delay']",[],2,0,Strong Negative Language
17172,"ok service ok service, pretty good prices for most of the things you can find.Sometimes delivery is super fast and sometimes it is delayed, you never know what's coming.But in most cases, the top wait is a week.","['delayed', 'delay', 'never']","['good', 'fast']",3,2,Mixed Sentiment
17177,"Size runs small I order a shirt on Amazon,it look as picture,i like everything if the size fits,i usually wear a small,but a meduim is small for me.I don't know how to choose the size.",[],['like'],0,1,Positive Language
17182,"Good product but not portable as no internal battery I bought an Echo Alexa speaker. It’s great for playing all kinds of audio. I am using it for radio, music and audio books currently. The voice recognition is good. Size and style good. I was however very disappointed to discover that it has no internal battery so it’s not portable. This limits my use to one room. If I had realised this (I should have read the spec but just naturally assumed that a speaker would have a rechargeable internal battery) I would not have bought it.",['disappointed'],"['good', 'great']",1,2,Mixed Sentiment
17200,"Not a huge fan Not a huge fan, but I can see the good aspects of the company. They just don't really tick all my boxes.",[],['good'],0,1,Positive Language
17208,Shop a lot on Amazon...was looking at…cosylife kids walkie talkie Shop a lot on Amazon...was looking at cosylife walkie talkies and 5 days ago they cost £16.50 then 2 days later £17.00then £19.50 then £21.00 today they are £22.50.  I notified amazon about this and they were very decent to give me £10 voucher as they have no say on 3rd company pricing.I love amazon but companies doing this are not good.I was hoping to get them for decent price on pay day they will be £30 by then haha.,"['late', 'not good']","['good', 'love']",2,2,Mixed Sentiment
17210,"Fast shipping, zero customer service Review text not found",[],['fast'],0,1,Positive Language
17212,"Amazon’s Pathetic Delivery Service Amazon’s Pathetic Delivery Service. On average I usually have good service with Amazon. However, today I am extremely dissatisfied. I was expecting a package all day today only to find out later that Amazon delivered my package to a “resident”. They never approached my residence. I have cameras and cameras don’t lie.  Now, I have to wait an additional two days. Pathetic delivery service.","['late', 'never']","['good', 'satisfied']",2,2,Mixed Sentiment
17229,"Delivery is not as advertised but… Delivery is not as advertised but eventually comes, if you are a prime member they do look after you, so on the whole ok. Could be better, next day should mean next day though amazon",[],[],0,0,Clearly Neutral
17230,Ordered a bunch of T-shirts but the… Ordered a bunch of T-shirts but the actual cloth material was thin and see through. Wasn't worth the amount charged. Delivery was on-time so thankful for that.,[],[],0,0,Clearly Neutral
17232,I don't trust a company that… I don't trust a company that manufactures copies of products as soon as a company posts them online in order to make a copies without quality,[],['quality'],0,1,Positive Language
17240,"Original a Positive transformation of the shopping experience - standards and values are now falling though Good prices, quick delivery (via prime) and excellent customer service mean that I now buy most things through Amazon. They have removed the stress and risks of buying goods for me and I now receive a few parcels a week from them. In the rare cases when there are issues contacting customer service quickly resolves them.Update from my original 5 star review. Amazon have become more aggressive as they seek to monetise their high market share. Alexa continually tries to sell you more services (you cannot stop this) to the point of ruining the user experience and has today signed me up for an audible subscription it offered my six year old and she declined  (Alexa has the recording DON’T sign me up).Customer service now don’t offer email and the chat use literally two hours of life I’ll never get back refusing to acknowledge the issue or allow me to raise a complaint. I used to be a a loyal customer who trusted Amazon to treat me with respect but increasingly feel more just a Pound sign in their eyes","['issue', 'issues', 'complaint', 'never']","['good', 'excellent', 'quick']",4,3,Mixed Sentiment
17261,i always order in amazon and it all… i always order in amazon and it all went good.,[],['good'],0,1,Positive Language
17275,"In the 2 months I have been an Amazon… In the 2 months I have been an Amazon Prime customer, I have made 11 purchases.  I have had a great experience with the ordering process.  The issue I have with returns, is trying to make the customer service rep understand what I'm telling them.  They repeat back something completely different from what you tell them.  The other issue I have with customer service, is that if you ask a question about a product because the details are a bit confusing, they give you completely incorrect information. It's a shame Amazon doesn't hire competant customer service reps, so that their customers don't have such major frustration every time they speak to one.",['issue'],['great'],1,1,Mixed Sentiment
17279,Amazon has gotten alot more over seas… Amazon has gotten alot more over seas and not so trust worthy sellers. Used to be able to just buy from Amazon and it was great. Now I have to check every seller thats not amazon themselves for reviews.,[],['great'],0,1,Positive Language
17300,"Have been off and on with Amazon… Have been off and on with Amazon and the Prime membership. Sometimes it is worth it and other times it is not, like when you order a package that says it's prime, then it doesn't show up until a week later. Which has happened multiple times, to the point that I have cancelled several orders for the fact that I knew I was either never getting the item or would never get it for what I was paying for prime to get it to me in a specific timeframe. Ease of access to the pick up items in one day is convenient, but eases of access to such items on the site is rather discouraging.Main thing they need to fix is labeling items as prime that they know good and well will not be shipped in a 2 day or less timeframe. Also the one day shipping fee is a joke.Honestly their conduct of service is only pushing me back to Ebay, who has stepped up their game as far as shopping/shipping and giving a reliable user experience is concerned.","['late', 'never']","['good', 'like', 'reliable', 'worth it']",2,4,Mixed Sentiment
17322,"Amazon has been slipping for a while Amazon has been slipping for a while. Their shipping has been getting longer and longer. They will tell you at check out when the item(s) will be delivered and the item(s) arrive a week later. Being a Prime member at one time had benefits, now its becoming a nice cash cow for Amazon without providing what was, top notch service and delivery. One day, about 4 years ago, I orderd an item from Amazon and it actually arrived the same day! I was sold on Amazon, now I can take 20 minutes of my time and go to Walmart, pay less and have the item in my hand when i leave the store. This is what happens when a company get too big for itself.",['late'],[],1,0,Negative Language
17333,Normally very good but the last 2… Normally very good but the last 2 orders have not gone well one never arrived and other came damaged managed to get they swapped but it took allot of emails and hassle might shop local going forward,"['damaged', 'never']","['good', 'very good']",2,2,Mixed Sentiment
17335,"Reliability is dropping I have been a Prime member for years and was very pleased with Amazon.  Lately however, I have experienced several delayed orders, damaged shipments, and orders canceled due to lack of stock.  I am now purchasing more from other sites as I can't depend on Amazon.","['damaged', 'late', 'delayed', 'delay']",[],4,0,Strong Negative Language
17348,"Average Amazon Over priced items are cheaper on eBay, delivery was not on time and was done through Prime trial. Products are not free delivery because special delivery is 'then added at checkout' which makes it dubious to reconcile. 😒",[],[],0,0,Clearly Neutral
17376,"The go to place for pretty much… The go to place for pretty much anything.I am a so called ""prime member"". Over the years their deliveries have gotten worse in my experience and items were being sent out but delivered to the wrong places without any attempts being made to deliver to me first even though I was home.Customer service is actually pretty quick and reachable. Very customer centric but there are, at times, moments when you have to push your complaints further. For example for damaged items that no one comes to collect? Communication between them: make sure you check on the status of your complaints because sometimes they cannot update things properly and you may end up being charged for something you were supposed to return and no one came to collect so they told you to dispose of it.","['damaged', 'complaint', 'complaints', 'wrong']",['quick'],4,1,Mixed Sentiment
17377,Always like using amazon but waste of… Always like using amazon but waste of packaging for little items. Not very good. Service is great though,['waste'],"['good', 'great', 'like', 'very good']",1,4,Mixed Sentiment
17396,For me 3 stars For me 3 stars because I bought the item with good price but I got too much problems with the assistance.,"['problem', 'problems']",['good'],2,1,Mixed Sentiment
17432,"The search feature is lacking and listings are a mess Item searching is the most important feature of a site and Amazon is pretty mediocre. Sorting by price never works very well, showing items way out of place, or not showing some at all. Sometimes it groups things of multiple prices together. Amazon needs to either have all listings separate, or all grouped under one listing, not randomly broken up.I've only made a handful of purchases over the years. About half the time there are problems. Amazon support is terrible, and every time they've never read what I wrote, giving a hilariously irrelevant reply. They refund things in the end, but it's not worth the hassle.They always try to upsell their Prime service, and keep selecting the wrong shipping address out of the two I ship to. Once when I tried to get a deal they wouldn't honor the price it clearly said on the item page.","['terrible', 'broken', 'problem', 'problems', 'wrong', 'never']",[],6,0,Strong Negative Language
17434,"bought some dental products from… bought some dental products from here....did not look like the picture at all, seemed like a cheap knockoff....",[],['like'],0,1,Positive Language
17444,"ok but doesnt work well with viasat sat… ok but doesnt work well with viasat sat dishes. (had to ping Bezos- yes, he is available- or his office is, unlike most CEOs...) 3-4x to fix issues caused by my ip bouncing all over the states.corporate responce -once you get it- is decent. customer service doesnt know which language you speak half the time(1and1 fr email server didnt help).shipping from some merchants is like snake oil for some reason. ask for nose nettle and you'll see what I mean. can hardly fault amazon for that.however the DRM has got to go. too many issues with kindles and resetting them and not working stuff that DRM is making you buy all over- im not happy about that.+1 is that the kindle functions- when the cord is modified- as an original xbox memory card.","['issue', 'issues', 'not happy']","['like', 'happy']",3,2,Mixed Sentiment
17451,Never had any issues amazon prime good… Never had any issues amazon prime good for.next day delivery not really using amazon as much as i used to as i feel there prices are getting quite expensive used to use them for my tropical fish filter sponge and stones but its an add on item now meaning i have to spend something like £20 to get something at £3 meaning i now have to travel 25 miles to our nearest wilko for them. The pantry also a rip off delivery dearer than actual items.,"['expensive', 'issue', 'issues', 'never']","['good', 'like']",4,2,Mixed Sentiment
17457,sometimes it is so good but last time… sometimes it is so good but last time my next delivery was a week late - I wish I had just gone and bought it myself because I was taking it away and it all arrived too late. such a shame,['late'],['good'],1,1,Mixed Sentiment
17463,"Amazon is going downhill Amazon is going downhill.  Don't get me wrong, I'm not going to ""dump Amazon Prime"" like others suggest.  I'm simply going to deal with them cautiously.My first complaint is their search algorithm.  Last night, I was looking for watches.  Amazon's initial search returned over 10,000 results.  I didn't want to wade through 10,000 result so I decided to change the sort from [Default] to [Price Low to High].  I didn't narrow the search in ANY way.  The new results dropped to 100.  I literally lost over 9,900 purchase options.  I was forced to go back to the previous search results and wade through a ton of crap that was of no interest to me.  It literally too me a half hour to find a Timex watch that should have shown up on the low end of prices when I changed the sort order but it was eliminated in those results.  What the hell is that???My next complaint is that they've changed their ""Two Day Shipping"" policy.  I understand that this change occurred some time ago but the point is that you have to pay attention to WHEN the item ships.  Two days is no longer calculated from the date of order but from the date of ship.  In some cases, shipping won't occur for a couple of weeks!My third complaint is that their customer service used to be automatic.  They would take responsibility when things went wrong and they'd offer a resolution without even being asked.  Today, getting Amazon to take responsibility for broken promises is like pulling teeth.  I used to give them 5 stars for customer service but today, I'd be hard pressed to give them anything more than 2.5.Bottom line.  Amazon is no longer the go-to for me and I shop around before placing ANY orders there.  Besides finding better pricing in other places, there are many browser add-ons and apps that offer me additional savings or money back on my purchases with other retailers.  I would have given them 2 stars but I do get some use out of the included streaming benefit.","['broken', 'late', 'complaint', 'wrong']",['like'],4,1,Mixed Sentiment
17485,"I was shocked I was shocked! You aren’t able to write a negative review on purchases.  I had trouble with a purchase and titled my review...”buy at your own risk”.  I said that “I ordered an item the 1st part of July and after 3 weeks I contacted the seller to say it hadn’t been received and was told it was shipped, but never got any other communication  from the seller after that.”  Amazon said I couldn’t post a review like that.  I thought that’s what the review was for.  Ultimately I did receive the item after another couple of weeks. Don’t trust all the reviews, because amazon isn’t letting the negative ones be posted.",['never'],['like'],1,1,Mixed Sentiment
17494,"Most of products are in good condition Most of products are in good condition, but a few products are fake.Be careful.",[],['good'],0,1,Positive Language
17506,"Items sold are original and… Items sold are original and authenticated. We can blindly trust on amazon. Also the transition period of goods generally remains short. But, one demerit what I observed is, the PRICE of the items which remains a little more than the other shopping sites like flipkart and paytm. Even in the sale(offer) period, the price of various items is raised to fill up the discount.",[],"['good', 'like']",0,2,Strong Positive Language
17517,Stop charging an account if the transaction was denied Ok i do understand that amazon is a third party involved but still amazon you all really need retrain some of your customer service reps and stop with the e-mails  or charging people's cards if their transaction was denied just automatically stop charging the card please because it signals the banks in a wrong way ok .,['wrong'],[],1,0,Negative Language
17532,Could do better Could do better. Not always the most practical option for the purchase of goods. When multi buying a compromise on post and delivery should be considered.,[],['good'],0,1,Positive Language
17548,I have used Amazon about 5 times and… I have used Amazon about 5 times and they have never delivered what i ordered. There is always something wrong. They really need to improve and stop selling sub standard products.,"['wrong', 'never']",[],2,0,Strong Negative Language
17586,"Great shop with a not-so-great video service (Amazon Prime) No need to review the store... That's all good. Even great. Huge product range, relatively fast and cheap shipment options to New Zealand. What's not to like?Well, Amazon Prime video... The movies and TV shows they offer to NZ customers are better than Netflix NZ, but it is impossible to watch 'em. Due to that stupid Google vs Amazon discussion, you can't stream via Chromecast (yeah, cast via computer = annoying as it's in the other room and screen mirroring on mobile isn't reliable).Amazon's Firestick isn't available in NZ... Roku is shipped to NZ but then the Amazon Prime channel isn't available. Unless you do the VPN trick but then Amazon blocks videos that should be available in NZ. It's just impossible to use Amazon Prime in NZ. Cancelled the subscription. Back to the more-or-less-crappy alternatives, we have here.",[],"['good', 'great', 'like', 'fast', 'reliable']",0,5,Strong Positive Language
17597,"Fast and efficient delivery, but... Fast and efficient delivery, (prime customer). However, Prime Day deals are a rip off really, some items only a marginal discount and only ever seem to really push their own products!!",[],['fast'],0,1,Positive Language
17630,"Contact us-+1-855-844-0388 Toll Free Helpline Dear Customers,Find device help & support; Troubleshoot device issues. Manage Prime. Learn about Prime benefits; Cancel Prime membership. Payments & Gift Cards.Thank You","['issue', 'issues']",[],2,0,Strong Negative Language
17646,"While somethings are good on Amazon While somethings are good on Amazon, ive had my parcels delivered else where a few times and luckily for me i know my neighbours so they brought them to me also twice ive paid for monkey moneyboxes, and never ever got them, i get the feeling that their delivery drivers if youre not in they just post it in the next street, because its happened to much, i dont want to have to email or call over a £10 moneybox, also you cannot trust their reviews because if you write anything bad they just dont post it, so how could you trust them?","['bad', 'never']",['good'],2,1,Mixed Sentiment
17656,Nice and easy to order online will be… Nice and easy to order online will be using again online very easy service,[],[],0,0,Clearly Neutral
17658,"I shop alot on amazon and i order shoes but never again I shop alot on amazon and i order shoes,slippers,boots etc but i notice when i do purchase a pair they are always ""irregular"" and nothing Like the description ,the you end up with a bad product or spend a fortune on shipping when shipping was free to you.I think it should be illegal to sell anything like shoes especially irregular on amazon .","['bad', 'never']",['like'],2,1,Mixed Sentiment
17665,"Decent online shop Decent online shop, friendly customer service and fast shipping, I only have two minors complaint about Amazon and hope they can improve on it. Firstly, would be the pricing of items. Some items are highly overpriced and some were not brand new! I had trouble with my amazon account in the past due to address verification system (incorrect billing address), Amazon account specialist closed my account after a few orders. I had about 10 orders rage between 100-250 USD and my account was closed when I tried to order a new PC (600+ USD). Initially my account was put on hold and was asked to verify my billing statement. SERIOUSLY!? For the past 10 orders, I do not have any problems with my billing address. In the end have to create a brand new account.","['problem', 'problems', 'complaint']",['fast'],3,1,Mixed Sentiment
17670,Quality wise not good enough The watch i ordered for present was of not good enough quality wise. I replaced it and bought another item.Amazon you should focus on the product quality if its original or not.,['not good'],"['good', 'quality']",1,2,Mixed Sentiment
17680,"Meh. Their customer service needs a major improvement.  They need to watch for fake products and horrible sellers. I bought something special for my mom, received the wrong product, and they were mad at me for it.  Do something to fix your company Amazon.","['horrible', 'wrong']",[],2,0,Strong Negative Language
17688,Amazon search engine manipulates… Amazon search engine manipulates consumers buying options as it add in relevant products to your list.,['late'],[],1,0,Negative Language
17698,"ordered an item and package was opened… ordered an item and package was opened and repackaged, tried to connect with Amazon but they did not answered to why my package was opened when it came",[],[],0,0,Clearly Neutral
17701,"Buying an item is fine Buying an item is fine, however returning is quite a hassle, first my package got lost then they were unable refund me my money because they lost my package. The chat room with them was spotty and 2 minutes turned into an hour. I'm actually kind've frustrated by the whole experience.",['frustrated'],[],1,0,Negative Language
17706,"They dont have paypal and shipping prices are unclear I dont like it, because You cant pay via paypal, but mainly shipping prices are always so unclear. I prefer aliiexpress any time.",[],['like'],0,1,Positive Language
17708,Didnt like the experience with the… Didnt like the experience with the seller,[],['like'],0,1,Positive Language
17734,"My package was 2 days late! My package was 2 days late!! Come on Amazon, that isn't very like you!",['late'],['like'],1,1,Mixed Sentiment
17741,"Experience with the web site good and… Experience with the web site good and delivery hit and miss from next day promised  to 3 days, main complaint is with their Card which is run by New Day received a call  from Newday asking personnel questions did not know them the so refused to give details.Looked on Amazon card to find was New day. Rang customer services on first attempt not got to a person. 2nd time spoke to a very pleasant customer service person  only to find out I had been charged £12 and £5 for late payment. I have not received any statement by e-mail and they don't send in post. I note this has happened to others just a way of making money.","['late', 'complaint']",['good'],2,1,Mixed Sentiment
17770,"They lost my package They lost my package, then found it.. then lost it and then i was double charged. It was refunded in the end but It was a right faff on.",[],[],0,0,Clearly Neutral
17776,"It's amazon It's amazon, but they are useful",[],[],0,0,Clearly Neutral
17803,Amazon cares his customers a lot. Review text not found,[],[],0,0,Clearly Neutral
17828,poor service Review text not found,['poor'],[],1,0,Negative Language
17838,"Rip-Off I just made a purchase with Amazon amounting to £44.99. However Amazon took an extra £1 out of my account  (Separate Entry) with no explanation.To phone (The only way of contacting their customer services, from what I can see) to find out what this charge was for would cost me over £1 per minute.What a rip-off.",[],[],0,0,Clearly Neutral
17841,"Pretty good service so far Pretty good service so far, but plenty to improve on deliveries and comunication still.Have Kindle unlimited and although is decent you are not able to search only within subscribed books. And the ""unlimited"" label is misleading, most of the best books are excluded.",[],"['good', 'best']",0,2,Strong Positive Language
17860,Nothing special anymore I pay for prime and its normally good but recently deliveries have gone missing or been broken they also have proved they don't check sizes from third party sellers as I bought an item listed as UK large and received Chinese large which is basically a UK small. Customer service have been shocking and rude.,"['broken', 'missing']",['good'],2,1,Mixed Sentiment
17875,Good service but slow attention from… Good service but slow attention from staff,['slow'],['good'],1,1,Mixed Sentiment
17888,Amazon allows an order to be cancelled… Amazon allows an order to be cancelled before the order has been dispatched.  I ordered a phone case and then noticed it was coming from China and would be a long time arriving. I checked to see it hadn't been dispatched and sent a cancel request. When this was not acknowledged I sent three more. .A day or so later I checked my Amazon account to find it was just dispatched in spite of all my cancellation requests. Amazon now tell me I had only 30 mins to cancel the order even though it hadn't been dispatched for almost two days after my cancellation.,['late'],[],1,0,Negative Language
17893,Delivery needs improving There delivery is limited. They Should ship all items to singapore I suggest,[],[],0,0,Clearly Neutral
17898,"My package said delivered but it was… My package said delivered but it was nowhere to be found. This has happened before, which is extremely frustrating as I had left detailed instructions on where to leave the package. They were helpful in refunding me which was very kind, however, I think they need to have better communication with their shipping entities.",['frustrating'],[],1,0,Negative Language
17916,"I have never had anything negative until this most recent experience I have never had anything negative to say about Amazon until this most recent experience.  I purchased a bunk bed online at a great price.  Well apparently it was priced incorrectly and they cancelled my order with out notifying me.  First I don't think it's best practice for a business not to honor their prices they list but Amazon covered that in their terms and conditions... but what about notifying me, that is mentioned in their terms and conditions?!!!  I ordered it several days ago.  Amazon's terms and conditions state that they will notify you.  Well they violated their contract.  I had plans for the bunk bed.  Now my granddaughters old beds will be picked up on Wednesday and they will have no bed!  Thank you amazon for not holding up your end of the bargain.  A purchase is a contract and I held up my end, they did not. Also they are not refunding me for 7-10 days so I can't even go to a store and buy a bed until they give me the money to.  This is by far the worst experience I have ever had with amazon.  And I have been an avid Amazon promoter and shopper for several years.  I will no longer provide them my business if they cannot operate with integrity and honor their end of the bargain.  Now my grandkids will be sleeping on the floor until I get my money! - Laura Sapp (269)491-1343","['worst', 'late', 'never']","['great', 'best']",3,2,Mixed Sentiment
17921,"Amazon does not tell all the Details about Things Amazon can be a Great website for Online Shopping. Do have there Cons but the Biggest Con has not understood the Region Restrictions of Video Games, other things. As a Customer, it makes me unhappy not knowing all the details of something I'm ordering for myself.",['unhappy'],"['great', 'happy']",1,2,Mixed Sentiment
17929,Product damaged twice. Review text not found,['damaged'],[],1,0,Negative Language
17930,"Beware Great place to buy products if dealing directly with amazon, but had a few problems with traders!","['problem', 'problems']",['great'],2,1,Mixed Sentiment
17974,I’ve always had fairly good experiences… I’ve always had fairly good experiences with amazon - it’s more the delivery services! Ever since they started cap amounts (so spend £20 to get anything delivered free) and then outsourcing delivery. Numerous times I have had deliveries marked as ‘handed to a resident’ when it hasn’t and is either lost of hanging out the letterbox for someone to steal!,[],['good'],0,1,Positive Language
18041,My favorite company My favorite company. My challenge is that they are holding my over $200 of gift card. They said the card is invalid. How can a card I bought be invalid after using some part of it?,[],[],0,0,Clearly Neutral
18075,"Too Big to Care While there are advantages in shipping and price to being an expensive ($99) Prime member be prepared to be treated like a number. If you ever run into a problem that is not simple they will either be unwilling or unable to help you. I was a big fan until I found this out. They are too big, we need competition. I recommend giving some of your business to Jet.com and others.","['expensive', 'problem']",['like'],2,1,Mixed Sentiment
18094,Patience is indeed a virtue! Really requires patience to wait for the item to arrive at your doorstep!,[],[],0,0,Clearly Neutral
18146,good experience with amazon but could … good experience with amazon but could be better in terms of price transparency. I got charged for the delivery.,[],['good'],0,1,Positive Language
18159,Items arrived in open packaging and all … Posted wrong review!,['wrong'],[],1,0,Negative Language
18170,"I'm a little 50/50 with Amazon I'm a little 50/50 with Amazon, products are great, you can find great prices in the marketplaces. But when I deal with products directly from Amazon, I find their services lacking. I've saved something in my basket for a week now, waiting to purchase it. Today I noticed that it had double in price, but was still 49% off RRP? I don't understand that.",[],['great'],0,1,Positive Language
18187,"Mostly good, though disappointed with service Mostly a good experience, but after I made an order with one-day delivery that was due to arrive today by 8pm ran late, I contacted customer service to see what could be done. I spoke to two different representatives, and both said the same thing, that I must wait for the order to be dispatched, then another date can be rescheduled, ignoring the fact that I needed the item on the guaranteed date of delivery. One of the selling points of Prime membership being one-day delivery, I find myself questioning whether to continue my membership as this isn’t my first experience like this.","['disappointed', 'late']","['good', 'like']",2,2,Mixed Sentiment
18193,Love the interface Love the interface. Love the categories and wide range of products.,[],['love'],0,1,Positive Language
18194,"Nice products Nice products, great quality. Don't like delivery time.",[],"['great', 'like', 'quality']",0,3,Strong Positive Language
18199,Well it's amazon and it's that big for … Well it's amazon and it's that big for a reason :) The only thing that I don't particularly like is that some items here are more expensive than on the other sites.,['expensive'],['like'],1,1,Mixed Sentiment
18208,fast delivery but annoyed I found the … fast delivery but annoyed I found the book elsewhere for cheaper.,[],['fast'],0,1,Positive Language
18213,Beware Some of the items were fake.,[],[],0,0,Clearly Neutral
18226,ordered a stapler and it was supposed … ordered a stapler and it was supposed to come with a set of staples - the stapler arrived without the staples so not much use really,[],[],0,0,Clearly Neutral
18236,Amazon needs to step up After a friend raised the appraisal of Amazon a lot i decided to make my first purchase with them which was successful but the second had some little issues which they later resolved after i spammed them with a lot of messages.,"['late', 'issue', 'issues']",[],3,0,Strong Negative Language
18273,Can't wait to use my amazon gift … Can't wait to use my amazon gift card!!! From Swagbucks!!!!,[],[],0,0,Clearly Neutral
18294,"As a website it is good but.. As a website it is good. But if you're a sellers you will have a lot, I mean A LOT of problems, and you will surely need to consider that with a support (that answers only via email per 1 business day+ not on all questions you have. So you will repeat'n'repeat it forever, until you already will post something.) Very hard to understand how the whole tables , codes, etc work, because you can find it on some japan forums, but not on the official site.","['problem', 'problems']",['good'],2,1,Mixed Sentiment
18297,amazon is great but what get me mad is … amazon is great but what get me mad is that IF YOU AIN'T IN THERE PROGRAM . you can't write no reviews or they band you from writing reviews. I am honest person and I show video/pictures of the products and still got band.,[],['great'],0,1,Positive Language
18303,"I've made many orders with Amazon.com … I've made many orders with Amazon.com over the years and have generally been very pleased, except for my last order which was a complete disaster which never made it to me and is presumed stolen by an Amazon or UPS employee. The item is tracked however never made it in to UPS's hands. I waited three weeks then started contacting Amazon for help, each time being passed on to an Indian call center, and each time they were generally rude and unhelpful and refused me a refund and outright lied to me, was not until I demanded to be put through to an American did the problem finally get resolved, a month and  a half after the product went missing. Has put me off ordering from them ever again. 'World's best customer service' my foot..","['problem', 'missing', 'never']",['best'],3,1,Mixed Sentiment
18310,Good one.. Good one... Products are good,[],['good'],0,1,Positive Language
18317,Amazon manipulates IT'S OWN PRODUCTS … Amazon manipulates IT'S OWN PRODUCTS reviews!!! But otherwise nice and convenient.,['late'],[],1,0,Negative Language
18337,"AMAZON is FOR BUYERS not SELLERS AMAZON is FOR BUYERS not SELLERS! they rip you off and charge you an arm and leg for selling stuff. I literally sold over $800 dollars worth of books and ended up with $350 due to the fees and I had the seller option which was 80 bucks a month if you have tons of listings. I thought it would help me, but either way they get you. Plus their are so many TROLLS that buy your new books and return the same book but used! They get away with it too! I had that happen, had proof of the fraud, and they still took the money out of my account! I am done selling with them. I would rather sell elsewhere!",[],[],0,0,Clearly Neutral
18359,"My Amazon review Amazon is a great company with alot small problems, specially when it comes to vaguely answered customer service questions and those people have very limited power to help you with.And my most hated thing is the order status there should be more information and it should be more accurate.Other than that am happy with Amazon.","['problem', 'problems']","['great', 'happy']",2,2,Mixed Sentiment
18370,"Amazon got greedy. I used to love Amazon and it used it almost daily to purchase items. I am a prime member but I find most prime items are more expensive. I dislike the ""add on"" only set up of items. I don't like the fact I have to pay separate subscriptions for each Alexa/echo  I have in my home. My deliveries always turn up on time and on the rare occasion I have had to return something it has always gone incredibly smoothly although I have read they will ban customers who return too many items which is slightly off putting. I like Amazon but just don't use it as much anymore as it is no longer competitive with its prices and I don't like feeling ""had"" with hidden fees. I won't be renewing my prime membership.",['expensive'],"['love', 'like']",1,2,Mixed Sentiment
18377,Quite good need improvment Review text not found,[],['good'],0,1,Positive Language
18412,"Mostly good Mostly good - many counterfeit items are being found more recently though, which is a shame. Other than that, it's alright.",[],['good'],0,1,Positive Language
18423,"i decided to stop to buy there because … i decided to stop to buy there because of 3 purchase that i make and no item no money back and no reply from them, and every time i want to put a bad review do not get posted posted",['bad'],[],1,0,Negative Language
18427,Always had a great experience except … Always had a great experience except for the one last time. i will come back edit this review if I have a good experience next time.,[],"['good', 'great']",0,2,Strong Positive Language
18435,"Delivery takes so long in the Philippines Though ordering and paying was easy, the delivery part was not so good. I ordered a book and it took almost 2 months to arrive.",[],['good'],0,1,Positive Language
18440,"AMAZON is great, but here is an issue. AMAZON is great. One thing missing from AMAZON is their inability to promote books posted or published on their websites. I believe that this type of outlet should develop a format to introduce new entries to their published list, and to maintain such rooster continually for up to 90 days after posting of a new book title, (even at a small cost to the authors is acceptable). Doing so, does not translate to an endorsement of a book, rather informative to the audiences worldwide. The AMAZON prominence position them to champion this option. Because the idea of listing a book title on their portal, without publicity, is like planting a flower without intention to add water for germination. Development of ""AMAZON BookTV"" where such is platformed is no a bad idea considering the corporate standard.","['bad', 'late', 'issue', 'missing']","['great', 'like']",4,2,Mixed Sentiment
18460,Needs to deliver faster Review text not found,[],['fast'],0,1,Positive Language
18463,Not worth the money paid.... Review text not found,[],[],0,0,Clearly Neutral
18464,"Awwww Awwww, so bad experience with them. Paid online and got nothing!!!!",['bad'],[],1,0,Negative Language
18465,Decent products with poor delivery Review text not found,['poor'],[],1,0,Negative Language
18470,Need to look into your seller's duty.. Need to look into your seller's duty... They are packing very poorly..... Bad experience,"['bad', 'poor']",[],2,0,Strong Negative Language
18484,My evaluation of the Amazon is not high Review text not found,[],[],0,0,Clearly Neutral
18491,Recently I ordered products based on … Recently I ordered products based on the promise to deliver in two days being a Prime Member. However it has taken three days for the last three products to be delivered. One was promised next day delivery. It took two days.,[],[],0,0,Clearly Neutral
18496,Pretty reliable but prefer boutique … Pretty reliable but prefer boutique shopping.,[],['reliable'],0,1,Positive Language
18533,Vdffg556y5tfff5/  hu6% Vdffg556y5tfff5/  7Y ggcy. Bt ugh yhc. V. h,[],[],0,0,Clearly Neutral
18538,I like amazon but when I wanted to … I like amazon but when I wanted to voice my opinion about a seller they would not post my review,[],['like'],0,1,Positive Language
18555,Its hit and miss with Amazon Its hit and miss with Amazon. I've had good and bad experiences,['bad'],['good'],1,1,Mixed Sentiment
18565,Amazon needs to stop jacking up prices … Amazon needs to stop jacking up prices because a 8 dollar thing becomes popular and over night it almost 20 dollars. And forcing customers to purchase a certain amount before taking them to the check out screen. Not cool. You are getting greedy,[],[],0,0,Clearly Neutral
18571,I find amazon is no longer as great … I find amazon is no longer as great when it first started blooming. Packages don't arrive at all or don't arrive withing the prime time. Just no longer a big fan.,[],['great'],0,1,Positive Language
18582,Makes me return products in order to … Makes me return products in order to get a refund,[],[],0,0,Clearly Neutral
18587,"Good company. Good company.lots of products.but would be better if they offered repeat customers a deal/break/discount.... i know people who have spent thousands of dollars and have not even been acknowledged....I just read that Amazon is approaching the ""trillion"" dollar mark in revenue.it's time to share the wealth people!!!!",[],['good'],0,1,Positive Language
18596,"This was not the first time that I have … This was not the first time that I have ordered from this company...The Pantry box way to order foods is complex...it says to order 5 items to fill a box...I ordered 7 qualified items, beverages & snacks, to be qualified for free shipping, it still charged 5.99 to ship to my home...MmmI'm a Prime member, I pay a yearly fee, I am perplexed. :( R.    Ty....",[],[],0,0,Clearly Neutral
18631,Good stuff Got stuff from amazon but arrived in multiple deliveries. I would have preferred a single delivery.,[],['good'],0,1,Positive Language
18655,"Amazon.com is great, easy to order, and shipping time is great. I've ordered many things from amazon.com and never had a problem. shipping time is fantastic, good quality, everything is great! The only problem I've had is with their third party sellers (Marvelio). I ordered something from them thirteen days ago, and yet to receive it! Amazon.com would be perfect if it weren't for Marvelio, and were they to stop letting Marvelio use Amazon as their main storefront, then I would change my review and make it perfect! I also looked up three different review websites, and they had at least one-hundred bad reviews about Amazon because of Marvelio. That being said, I love buying from Amazon, Amazon's shipping time is great, and their quality is great!","['bad', 'problem', 'never']","['good', 'great', 'love', 'perfect', 'fantastic', 'quality', 'good quality']",3,7,Mixed Sentiment
18676,Marginal Four orders total. One was wrong. one was half wrong.. Ask tons of questions before placing an order..,['wrong'],[],1,0,Negative Language
18704,depending on the country you buy from i'm from italy and i usually try to avoid amazon.it.just cause it sucks. really hard.instead i try to buy from amazon.co.uk.would go for 1 star amazon.it and 5 stars amazon.co.uk which makes an average of 3 stars for the company,[],[],0,0,Clearly Neutral
18705,"Careful you dont get charged for Prime Bought a selection of items for family back home, all set to deliver to the UK (was sure i did this through Amazon.co.uk)Find out that somewhere along the way they randomly charged me 92.50 for Amazon Prime. Once i spent 30 mins and a couple of transfers on the phone, i got it refunded, but its just as well i checked my pending transactions online otherwise I might never have know they'd charged me, for a Prime account i dont have too. Fast resolve but shouldnt happen in the first place with this much money.",['never'],['fast'],1,1,Mixed Sentiment
18742,"prime for $99 but rarely get in 2 days So much for the guaranteed 2 day delivery...Amazon continually fails to provide prompt delivery service...they love to blame the carrier...but when you order before 3pm EST they are to ship it that day - now sometimes htey ship the following day and it will get here in 2 days...but i've had WAYYYYY too many times where i had 2 day delivery and it takes 3-4 and when you look at the tracking info, you realize, amazon didn't ship it till 2 days after i placed the order....im no longer a prime member as i really have no idea what im paying for...",[],['love'],0,1,Positive Language
18748,"changes every single time I like the fact Amazon exists, however, I have not had the best of experiences with them.  It never ceases to amaze me the number of times I am told that they can not ship to me, even for items previously ordered and delivered.  The pricing structure never makes any sense...it can be competitive one day, outrageous the next day.  I rarely can find how to contact them when I encounter a problem...get tired of going through page after page until they finally 'allow' you access to them.  The only good thing I like about them is that I can use my gift cards from the various survey sites I use.","['problem', 'never']","['good', 'like', 'best']",2,3,Mixed Sentiment
18789,"Hit and Miss I've ordered from Amazon several times in the past year, but the purchasing experience varies. Products fulfilled by Amazon, such as Kindle Paperwhite, were well received and packaged. However, there have been misses as well, such as a gorillapod fulfilled by a third party seller on Amazon. It was a cheap knockoff and Amazon somehow disallowed me to post a negative review on their listing for this product. Felt so cheated!",[],[],0,0,Clearly Neutral
18859,I LOVE AMAZON..... It has become my go to place for all my shopping. I really am un-happy about the new tracking/targeting system. I feel that they are now charging me more for idem's that I may want. So I am now more careful about what I buy there and shop around more. I use to be a faithful Amazon shopper. Just a bad management decision. Amazon has lost 40% of my business because of this. But they have lots of money... :),['bad'],"['love', 'happy']",1,2,Mixed Sentiment
18870,"Amazon Prime shipping I haven't been very happy with the Amazon Prime Service for a while now.   I mainly use prime for shipping.  Not for free movies and books.  When I contacted them about service I got a small credit and a story about warehouses in strategic locations for expedited shipping.  Really don't care about how many warehouses they have or if they have to swap stock items between warehouses.  I order something, then I expect it delivered in 2 or 3 days because I paid for prime shipping.  End of story to me.  Not Amazon's story.  I have repeatedly had to navigate their site to send a message regarding delivery.  Normally their shipping and delivery estimates are off I am waiting and waiting for my item to be processed then shipped.  The waiting 3 5 or 6 days on them to ship something and then see it expedited doesn't make me happy..  Well, what bothers me is that because their swapping between warehouses isn't my fault, but the checkout button says I can pay more to have stuff shipped when it becomes available.  I already paid for prime.  So when I order 4 things in 1 cart order - my entire orders sits.  I started making separate orders for a while and then often I needed something that is a +$25 add on item.  Just tired over amazon's game.",[],['happy'],0,1,Positive Language
18876,"Not the Same Still OK, but I signed on because it was much better with very little out-sourcing and  own shipping NOT USPS!!! If one has rural delivery the service is not always acceptable. If you have to deal with the out sourced providers it can be a disaster...Communiation with the providers is sometimes very difficult.....",[],[],0,0,Clearly Neutral
18878,"Service going Down Hill, Not worth Prime Price Have been a Amazon Prime member for 2 years. It started GREAT would have given a 5 star, however, in the last 6 months it's going down hill fast. I'm suppose to get Free 2 day shipping. No, it's maybe 3 day at best mostly because they use USPS which could care less when you get your mail & in what condition. What ever happened to the promise of DRONES! AND since packages come through USPS they look as if they've been run over by the delivery trucks/carts. THEN, you have to deal with Amazon Customer Service to get products replaced or returned & that is a chore. It's like dealing with foreign high school students. I still love Amazon Products but don't know if they are worth the shipping hassle. Questioning Prime Membership. (Netflix for Movies  is better)",[],"['great', 'love', 'like', 'best', 'fast']",0,5,Strong Positive Language
18892,We bought a nice gift. What was needed was a birthday gift to a friend . He wanted a music column . Fortunately on GearBeste was a discount on this musical column . The quality of its sound for the money we are satisfied . Sending your order and delivery was fast . Thank GearBest and mail :),[],"['satisfied', 'best', 'fast', 'quality']",0,4,Strong Positive Language
18916,Good service poor shipping Good service but poor customer service when it comes to getting the package and having a problem with the shipping.,"['poor', 'problem']",['good'],2,1,Mixed Sentiment
18919,Great price bad shipping. Ordered the VCR /DVD combo for a great price. Was told shipping would be three days and it end up being five. Overall good experience.,['bad'],"['good', 'great']",1,2,Mixed Sentiment
18926,"OK for buying some products, not great for selling I do buy some items on Amazon, not too many.  Do not buy cosmetics, or anything lower cost that the Chinese can make, as there are thousands of fake items listed on Amazon.com. It is more expensive as well.  I find an item on Amazon, and find the exact seller and same item on EBAY for much less.  I tried to open a store on Amazon, it did not go so well.  Our money was held for a very long time (we did not get paid for months) and what we here this is the norm.  We also listed my Company phone number (expensive items) so customers could call to confirm we were the real deal. Most were asking for our number from Amazon, as customers of high end item want to Many want to talk to a human, not a computer.  Amazon did not like this, gave us a hard time, so we no longer sell on Amazon. Amazon is good for sellers of low cost items that are somewhat standard, easy to spot a consumer, not high end or custom items that consumers want to discuss before a purchase.  While this could happen on Amazon, Amazon's Terms & Conditions make every item a ""Coke"", and if you are not selling a ""Coke"" forget it.",['expensive'],"['good', 'great', 'like']",1,3,Mixed Sentiment
18966,Sometimes Problems. Sometimes there are a few problems with Amazon.,"['problem', 'problems']",[],2,0,Strong Negative Language
18987,"Be aware, some things are amazing, others... I love amazon for their books, their prime, customer service, and their amazing deals. 5 stars pretty much all around. Howver, regarding boots, shoes, and some other goods:While shopping for boots have you ever noticed the same model of the same brand is said to run big on one site, small on another, get 5 stars here, or three stars there? People from one site swear by this brand or this style, others have nothing but complaints? I have been in the re-sale business of shoes for several years now and have noticed several interesting quirks when researching and reselling shoes. The era of 6pm and Amazon have (unfortunately) created loopholes for customers who think they can count on a brand name (even Frye, Keen, Sorel, etc) for quality. 6pm and Amazon frequently (if not always) sell cheaper low quality versions. For example: The boots you buy from the company are all leather with a leather sole and welted construction (sole sewn to the boot) for example, but Amazon's are glued together with rubber soles. Full grain leathers are used on the company's boots, split leathers are used on the others. I don't know why the brand's allow for this blatant misuse of their names and logos (except that it must be profitable), but be aware that what you are buying through these companies will not last and is not the quality you may be expecting.","['complaint', 'complaints']","['good', 'amazing', 'love', 'quality']",2,4,Mixed Sentiment
19006,"Great variety I use amazon a lot, especially around the holidays. My husband has prime shipping, so most items arrive within 2 to 3 days. I have had some problems with some returns--not getting a full refund on products on I returned because of the seller's policy. I had some difficulties with a merchant this Christmas, but the merchant handled the problem to my satisfaction. You just have to be careful that the merchant does not charge a restocking or return fee, especially if the mistake was the merchant's fault. My husband ordered an item from a seller on amazon and it was defective. When he contacted the company, they sent him a return address label but it was not prepaid, so we had to pay the shipping fee to return it. I told him he should have refused to pay for return shipping since the item was defective, and he needs to mention that in his review of the seller. Overall, though, I have had mostly positive experiences with amazon and will continue to use them. You can find almost any type of item on amazon, which makes shopping with them very convenient.","['problem', 'problems']",['great'],2,1,Mixed Sentiment
19028,"Don't Get Prime I believe Amazon is a great company and  offers fantastic products for fantastic prices. However, that being said Amazon Prime is terrible. It offers less options than Netflix (by far). The free kindle rental offers a wide selection of books you've never heard of before while restricting any popular book series to purchase only. To top it all off the free 2-day shipping has been horrendous. Out of my last 10 orders, 4 of them have not made it by the day they promised. I have called customer service every time and they have simply said, it will be there tomorrow. It's a GUARANTEE. Yet they act like it's no big deal that your shipment isn't going to make it by the time they promised. (Which in reality they typically give themselves a day for processing too so it turns out to be closer to 3 days anyway but it's still late). So unless you plan on buying a fair number of order less than $25 save the money.","['terrible', 'late', 'never']","['great', 'like', 'fantastic']",3,3,Mixed Sentiment
19030,"Not very good at shipping glass products! I buy almost everything through Amazon, it's so convenient when you're a Prime Member. Gotta love them for that! The issue I had with them was when I purchased a 12k of pint size Mason Jars. They were shipped in an extra big box with hardly any padding. So when I got the shipment it was obviously shattered to pieces. I called Amazon because I wanted to return it, I didn't want to deal with the mess and I was told that it was a liability for them to get it back from me. But it was ok for ME to get broken glass? I don't think so! So after I talked to the customer service rep and tell him/her about proper ways to ship items they offered me a new shipment of the same item. I was not happy. <<<< Fast forward 2 days later >>>> I get the new shipment in the mail. And yes, it was BROKEN, AGAIN! Shattered to small pieces, made nothing! So again I'm on the phone with someone in customer service who can't really change anything in the warehouse wanted to send me a replacement! I just asked for my money back and called it a day. For an e-commerce company that deals with so many products, they did not a very good job at properly packaging the glass items. Very disappointing!","['disappointing', 'broken', 'late', 'issue', 'not happy']","['good', 'love', 'happy', 'fast', 'very good']",5,5,Mixed Sentiment
19040,Ehh. While the convenience of having things shipped to the house in a two day span for free(Prime--on some items) (a lot of disclaimers here) but when they are obviously trying to compete and raise prices on things you can get cheaper else where. Eh. I'd rather go to the store and get it then wait 2 days and pay more. The appeal isnt there anymore when youre not pricing competitively. Oh and the few times ive had issues they customer service treats you like a criminal/scam artist so yeah. Eh. I do it if its easier or cheaper but not my go to.,"['issue', 'issues']",['like'],2,1,Mixed Sentiment
19041,Getting too big for themselves I like having the convenience but the prices are getting up there. The whole point was affordable stuff all in one place i thought? Then if you have an issue its almost not worth it to bother bc you get the run around from the people thinking that you are some scammer trying to get your money back and keep a product. Dont appreciate the attitude.,['issue'],"['like', 'worth it']",1,2,Mixed Sentiment
19053,"Great -- except from the shipping price I had some pretty bad online orders before, and of course at last I jumped to Amazon, well the order came pretty quick, in around 5-6 days ( I am talking about international shipping) but the shipping fee is ridiculous! I bought two books and the shipping fee is more expensive than the books! -_-","['bad', 'expensive']","['great', 'quick']",2,2,Mixed Sentiment
19066,"Always a medium experience Yes, the prices on Amazon are great and the selection is awesome, but their constant pushiness to sign up to prime is annoying. I know that it's how you guys make your money, but start off by adding free shipping globally, and then, maybe, it will be justified...",[],"['great', 'awesome']",0,2,Strong Positive Language
19067,"service good, quality good, box is not propriet Service of course good",[],"['good', 'quality', 'good quality']",0,3,Strong Positive Language
19086,Average service I am not happy nor sad. I bought LR44 cell.,['not happy'],['happy'],1,1,Mixed Sentiment
19096,"Like Amazon because you can shop for just about anything on there, but... I wasn't too happy when they completely ""banned"" sales of Confederate Flags. There is still a large market in sales for this kind of stuff. Whether people agree with it or not. You will always have someone that agrees, as well as disagrees. If you guys decided to ban a piece of American history, then you should ban the sales of Soviet Flags as well. As this flag and its representation goes contrary to how this country was founded. Could be considered very offensive as well amongst many Americans far and wide. This is the United States of America we should have the freedom to chose what we want to buy. I'm sick of businesses going along with this government that thinks they can dictate our lives. I think this was a total mistake Amazon. I hope my opinion is considered.",[],"['like', 'happy']",0,2,Strong Positive Language
19131,"Not perfect I wish I could give Amazon 5 stars, but I have had some very frustrating customer service experiences with them recently. I recently bought a remote control and I ended up with a used remote that someone must have returned. I bought it through Amazon directly and not even a third-party seller. I learned my lesson there. I then had to talk to customer service and the person I spoke with did not really understand what I was even talking about. It was incredibly frustrating. Amazon has great prices and they ship fast, but they are a massive company that just doesn't get it right all of the time.",['frustrating'],"['great', 'perfect', 'fast']",1,3,Mixed Sentiment
19146,"Would have been four stars except for deceptive information We bought a Danby DAR044A4WDD compact fridge after seeing 4 stars average from 594 Amazon customer reviews. Looked at questions answered also, stating the door was reversible. I took a minute to search by model number and there was ONE review on this model. The site clumped 13 different models, including outmoded ones, into one set of reviews making the reviews misleading and useless. It arrived in one day - door is no way reversible on THIS EXACT model. Luckily we don't care except I don't like being misled. This is not the first time I've discovered this practice - check out Amazon purchaser reviews of Panasonic NNT-945SF Microwave or Green Mountain Nantucket Blend K-Cups. Reviews are grouped, ALL purchasers of Genius microwaves of any model, ALL flavors of Green Mountain. Useless! Last month we bought a Little Tykes coupe from Quidsi an amazon store, then discovered that the same thing with a trailer was available through Amazon directly. Went to cancel the first one WITHIN FOUR MINUTES and we couldn't because it had ""shipped"". We had to take delivery and return it which cost us $14 UPS. What a scam...  Other than constantly and increasingly dealing with questionable information, if you do research on several websites and don't rely on Amazon to make your decisions, then you know EXACTLY what you want, they are quite amazingly good.",['useless'],"['good', 'amazing', 'like']",1,3,Mixed Sentiment
19174,"Standard amazon OK - not sure about their human rights ethics, but delivered my orders ok in my time of need",[],[],0,0,Clearly Neutral
19187,"Dissapointed I usually order from Amazon stuff with good prices.. A few times it seems lately they would mess up my order, the first time oik it was fine but than the second time I am thinking what is going on... I called customer service and they told me there having problem with my address. I am thinking well you never had any other issues before. They did not give me a straight answer as to why.","['late', 'problem', 'issue', 'issues', 'never']",['good'],5,1,Mixed Sentiment
19196,"Not bad, not good I found some good deals on Amazon, but also waited weeks to get those. Customer service is meh, they don`t really care about your orders","['bad', 'not good']",['good'],2,1,Mixed Sentiment
19217,"Shipping is too high I love shopping at Amazon, but the one thing I hate about shopping there is there extremely HIGH shipping fees. Sometimes shipping can range to be 8 to 16 dollars alone! But, you can find almost everything on Amazon, except don't do your grocery shopping there for food, it will cost you sometimes triple and more then it would cost you to just buy food form a normal in-store grocery shop.",[],['love'],0,1,Positive Language
19255,"Not bad, but not great I found some great deals, but also had terrible experience with customer service. I`m also against businesses that use monopolist tactics, so there`s that.","['bad', 'terrible']",['great'],2,1,Mixed Sentiment
19266,Nice I have ordered books and other gadgets from Amazon for almost two years.The product are always fine with good packaging.The shipment is not so fast the only thing that bothers me,[],"['good', 'fast']",0,2,Strong Positive Language
19281,i cannot believe my kindle doesn't read .docs i cannot believe my kindle doesn't read .docs . Otherwise it is a good product.,[],['good'],0,1,Positive Language
19283,"Postal Service destroying Amazon I have been a Prime members since its introduction in 2005 and have been buying almost exclusively on Amazon and Myhabit. I never had a problem until Amazon started using USPS. Out of many USPS deliveries only one was delivered on time! Not only that - the Postal Service lies and claims that shipments were delivered a day or two before they actually are. USPS delivery people don't bother making few steps to check whether you are at home and leave notice so that you have to go to the post office to pick up the shipment. This makes Prime a frustrating experience. Teaming up with the USPS was a big mistake, and may end up costing Amazon in a big way.","['problem', 'frustrating', 'never']",[],3,0,Strong Negative Language
19297,"Not so happy with Amazon anymore I used to be a faithful buyer from Amazon, they used to be my first stop when shopping, but no more.  They raised the minimum purchase for ""SuperSaver Shipping"" from $25 to $35, making it tougher to save money on shipping costs.  Then they started charging sales tax, which adds 7% to the cost of anything I buy from Amazon.  I no longer stop at Amazon first to buy as they always seem to be a more expensive place to shop.  It is a shame Amazon, I spent a bundle at your store in the past, but no more!",['expensive'],['happy'],1,1,Mixed Sentiment
19308,"Free shipping is INTENTIONALLY, and unreasonably slow It has become very obvious that Amazon intentionally delays their free shipping, probably so people upgrade shipping methods and pay more.  I just recently ordered something they have in stock sold from amazon, and was told it would ship from amazon a week(7days) later. What is up with that? Two days later I cancelled my amazon order, ordered from somewhere else(shipped same day), and still got my package delivered 3 days before amazon was to even ship it! You can read all about this on amazons own forum, hundreds of people wondering WHY amazon has become so slow past couple years.  All i can say is im not going to wait if better service is out there for basically same price, people will catch on, and go somewhere else, naturally.","['late', 'delay', 'slow']",[],3,0,Strong Negative Language
19365,Nice Company Very fast delivery,[],['fast'],0,1,Positive Language
19382,cheap and quick shipping - no human sales people cheap and fast; they sure are. however they cant help me in the sales process; just undercut everyone else who can,[],"['fast', 'quick']",0,2,Strong Positive Language
19447,"Amazon I have used Amazon in the past with no shopping problems. Recently, however, I tried selling one of my college books back to them through their book buyback program. I had the EXACT book as the website (Same ISB #, same edition, etc.), and they sent it back to me saying it wasn't the right book. A little upset with the whole experience, but I still like Amazon overall.","['problem', 'problems']",['like'],2,1,Mixed Sentiment
19451,"Generally Good Service More Ethical Products Please! Although I have been happy with Amazon's service and prompt delivery I noticed recently that they still sell real fur in some of their lines and make up brushes, as most fur is imported from China and former Soviet States with animals skinned alive, electrocuted and very much abused I do not think that such a popular site should have these items on its site, please consider an ethical overhaul of some product lines",[],"['good', 'happy']",0,2,Strong Positive Language
19541,Very easy to use but multiple deliveries are a pain !! The site provides a huge selection and prices are usually competitive.  Main gripes are that six items can result in 6 different deliveries - my street is like the M6 full of delivery vans after every order.,[],['like'],0,1,Positive Language
19664,Ridiculous amount of packaging! Every time I order I'm left with tons of Packaging to dispose of!,[],[],0,0,Clearly Neutral
19740,"Not the best company I have dealt with Unfortunately I have had several bad experiences in dealing with this company, which is why I have rated them in the middle.",['bad'],['best'],1,1,Mixed Sentiment
19778,"Good variety but expensive compared to high street You can get good customer service and delivery if you do not wish to venture outside. However, the high street prices in comparison are often much cheaper.",['expensive'],['good'],1,1,Mixed Sentiment
19835,Great range and prices but difficult to navigate I think Amazon could take a leaf out of Ebays ebook when it comes to navigation/listing/cataloging etc. It's irritating to browse.,[],['great'],0,1,Positive Language
19873,"Amazon Prime is a joke Ordering goods, no issues, however the so called amazon prime is hit and miss, and when you complain they extend it by 1 month....why when it doesn't work as intended, if you purchased next day delivery elsewhere it arrives.","['issue', 'issues']",['good'],2,1,Mixed Sentiment
19882,gd store why life is good at amazon?,[],['good'],0,1,Positive Language
19905,Seen Better Hard to find stuff even with their search engine. You ask for a specific description and they serve up everything else as well. Very hard to navigate through hundreds of pages finding that one item you wanted to find with the search key.,[],[],0,0,Clearly Neutral
19907,"Good, sometimes. Recently I made 4 orders, they were accepted then two of them were out of stock.  That is 50% and totally unacceptable.  If internet companies publish and accept the order they should have it in stock and keep their inventory under control.  Disgruntles Customer.",[],['good'],0,1,Positive Language
19928,good srvice quick deliverys no problems here,"['problem', 'problems']","['good', 'quick']",2,2,Mixed Sentiment
19956,slow shipping and bad cs placed an order with amazon and got my order 3 weeks later very slow shipping,"['bad', 'late', 'slow']",[],3,0,Strong Negative Language
20048,"The Good The Bad I find if what you order is from Amazon themselves it arrives fairly quickly, but if it's from a third party supplier it takes a lot longer usually turns up on the last date of the estimated delivery time and that is what lowers the rating in my view.",['bad'],"['good', 'quick']",1,2,Mixed Sentiment
20074,good choices but postal charges are a mystery good choice but the postage charges are not apparent until you go to checkout,[],['good'],0,1,Positive Language
20095,Good I think. But I don't use it,[],['good'],0,1,Positive Language
20106,"Most items cannot be shipped to my country You generally find what you need but after you go through the whole procedure of entering details etc, you get the statement that item cannot be shipped to your country. This should be in the item description so as to avoid waste of time and disappointment.","['disappointment', 'waste']",[],2,0,Strong Negative Language
20130,"A good company Amazon sell good products at good prices.  However, I have found recently Amazon does not sell ALL products at the cheapest price.  I now have to shop around to check if Amazon is bargain.  Otherwise, it is a good company.",[],['good'],0,1,Positive Language
20138,Customer Service Most of the stuff I usually buy from amazon and I still do that but I really hate the way customer service works...because you have to explain your query to customer service from the beginning if you have to call them again...,[],[],0,0,Clearly Neutral
20145,"would not cancel my order I ordered some SIP phones and after week of not being shipped tried to canceled them , but they said was already shipped however  no tracking number was provided.",[],[],0,0,Clearly Neutral
20171,"Big but not too large to be reliable, yet The local Royal Mail sorting office would be half empty if it wasn't for Amazon's business. But no normal bookshop or retail operation would survive if it only sold what people could identify and name on their shopping list: there is a razor sharp focus in the search engine, but the spontaneous browsing element is all but absent.  Sorry guys, but readers often buy books that are shelved by topic near what we thought we might have bought at the outset, if we ever had a title or author to start with.",[],['reliable'],0,1,Positive Language
20228,nice place to shop i like this website always get books and other stuff i need ...always can trust it ...,[],['like'],0,1,Positive Language
20261,"Just too slow Very slow when processing orders, I know you are a big company but make it faster so I can be a happier customers!!!!!",['slow'],['fast'],1,1,Mixed Sentiment
20306,"Great for DVDs/Blu-Ray and Books Seeing Amazon grow over the years has been great to see the expansion in available items and its great to go to one place for many different types of goods. The problem with Amazon is that when you have faulty goods or problems they arent always very helpful. I had a hardware fault which was an inherent manufacturer defect but Amazon said i had no rights to claim a repair or replacement from them (They say the Sale of goods act is a load of rubbish) i had to go through the courts in the end to get them to deal with my faulty goods. Also bad if you have to return damaged goods, its at your own expense and in most cases they dont even pay back the cost of your postage charges of recorded delivery so the item is traceable in the mail.Not a good way for a company to work.","['bad', 'damaged', 'problem', 'problems']","['good', 'great']",4,2,Mixed Sentiment
20364,To clutered Free shipping is good,[],['good'],0,1,Positive Language
20386,Difficult to search Reasonable prices on some products.,[],[],0,0,Clearly Neutral
20387,great love amazon,[],"['great', 'love']",0,2,Strong Positive Language
20403,Great for buying not so great for selling You'd think with how simple it is to buy on Amazon they'd implement a similar system for sellers. Instead they have something which is over complicated and annoying. For example the BIZARRE system they implement with the postage fees and the various levels of sellers which you have to be high up on to be able to even OFFER *free* postage?!,[],['great'],0,1,Positive Language
20423,"shipping fee is high ordered stuff that took kinda long to arrive, and the shipping fee for an item is relatively high especially when they consider the item is 'special' with extra handling fee",[],[],0,0,Clearly Neutral
20442,"Needs much improvement. Like many people I have used Amazon quite often over the years and although the service is generally quite good, delivery does tend to let them down during both peak and off peak periods.  I cannot fault however the downloads, especially the ebooks. Fast, efficient, simple!",[],"['good', 'like', 'fast']",0,3,Strong Positive Language
20470,"Good and Bad I typically have good experiences with amazon, but my last few orders have been a sub-par experience. They're just such a big company that you feel like you get lost in the system. There is no ""one-on-one"" type feeling when you call them. You're just another number.",['bad'],"['good', 'like']",1,2,Mixed Sentiment
20481,I do love Amazon You can find ANYTHING here! At a very competitive price BUT...if I am ordering more than one item at a time...I shop elsewhere because items are shipped out from different places and the shipping is high :(,[],['love'],0,1,Positive Language
20489,Be careful A good site but have had my card details hacked into twice!,[],['good'],0,1,Positive Language
20492,Needs works Great place to search for products and see what's available but the website needs filters to help your search - such as price filters to make searching for items easier,[],['great'],0,1,Positive Language
20565,Wonderful ive had on the whole a very pleasant experience with amazon. I have recommended it to friends,[],['wonderful'],0,1,Positive Language
20637,"Not bad but lacking I was looking for iPod touch 3 in 1 chargers for my kids iPod's for Christmas and even though the 'sellers' advertised 'free shipping' or 'shipped in time for Christmas' when I got to check out every time, there was either a $9.00 shipping charge for a $3 charger, OR there was some outrageous shipping date like shipped by December 28th. I settled for paying the extra cost for shipping to get it here on time, but may just stick to craigslist, eBay, or half.com for my next purchase.",['bad'],['like'],1,1,Mixed Sentiment
20655,"Good website, but only if there are no problems. Generally a good website and i love they fact they have almost everything i could ever want.  The Marketplace facility is also a great thing.  Generally delivery is very, very quick (i have received some things within 24 hours of ordering with normal delivery), but have had some problems trying to get things sorted when things have gone wrong. My big problem at the moment is my Kindle which failed.  It is a covered under warranty, but because i bought it at Atlanta airport while i was transiting, it has to be replaced in America.  As i don't live there, or have family/friends who do, it has meant having the replacement sent to a friend of a friend who will then send it to me.  Not exactly ideal, and i will still need to pay the costs to have it shipped from the US to Europe.  I also have to pay those costs to have the old one sent back (although i'm assuming these will be reimbursed).  This to me is a ridiculous system for an international company the size of Amazon.  They could easily have sorted it out to be sent to Europe, or be sent from a European warehouse, or even taken up my offer of paying any difference in price between the European model and the US one.  It's all a bit of a farce.","['problem', 'problems', 'wrong', 'failed']","['good', 'great', 'love', 'quick']",4,4,Mixed Sentiment
20677,"Returns aren't easy! Despite what they say, we have found returning stuff can be a real headache sometimes.  The process is a nonsense, and too long-winded.",[],[],0,0,Clearly Neutral
20752,When are you coming to Australia? I love Amazon and the related items are always relevant and tempting. Just a shame there's no store in Australia and I have to either pay a lot for postage or have things delivered to friends and then sent out.,['late'],['love'],1,1,Mixed Sentiment
20774,there shipping is to high there shipping is to high on some of there stuff,[],[],0,0,Clearly Neutral
20775,"three star I found that some of the companies didn't export to ROI but they did not tell me this until I had all my credit card details given. I think that this should have been pointed out when I first put the items in the ""basket"" Otherwise very happy with the service",[],['happy'],0,1,Positive Language
20781,Good Use infrequently but seems satisfactory.,[],['good'],0,1,Positive Language
20784,satisfactory prices very good shame some items come not very well packed and have to go back replacement and refund policy very good shame i have to use it often,[],"['good', 'very good']",0,2,Strong Positive Language
20821,Goods are right but delivery is off I have purchased a couple of times from Amazon and have always recieved the gear eventually.,[],['good'],0,1,Positive Language
20874,Prices can be high Try Book Depository as prices are frequentky cheaper and you get free shipping.  Amazon seems to have a larger range though.,[],[],0,0,Clearly Neutral
20915,Amazon confusion Dont get me wrong I like Amazon. Sometimes there is great deals on there and I love the one click payment option. But there are times that you search for something and it is presented in such a confusing way you are never actually sure how much your paying for someting and the search function is a bit weak at points.,"['wrong', 'never']","['great', 'love', 'like']",2,3,Mixed Sentiment
20927,"I enjoy shopping with them I think the order was professionally handled, but it took nearly two weeks to arrive.",[],[],0,0,Clearly Neutral
20959,"Amazon doesnt ship to India! I really love the product range at Amazon.com However, the saddest part is:1. It doesnt ship most of the articles to India2. Even if they ship, the shipping cost is awkwardly high (for example, I was ordering few articles totalling to 50 USD and the shipping charge on them was 180 USD) If I really need something from Amazon, I need to give an US address and then ask someone to carry it to India for me. Had the shipping been regular to India, I, as well as many I know, would have definitely used a lot of service from Amazon.",[],['love'],0,1,Positive Language
20992,"Good prices but delivery can take time :( I always find myself going back to amazon becouse there prices are so good, however i have had several bad experiences while buying from resellers that are allowed to advertise on there site, with one delivery taking two weeks to arrive, the real sting in the tail was that the HD-dvd went bust a couple of weeks later","['bad', 'late']",['good'],2,1,Mixed Sentiment
